,partyLabel,Listenplatz,Art,lastName,firstName,survivor,birthdate,constituencyName,person_id
0,CDU,,Direkt,Damerow,Astrid,TRUE,1958,Nordfriesland – Dithmarschen Nord,b0d79d45-346a-481e-a277-831637d629a8
1,CDU,,Direkt,Helfrich,Mark,TRUE,1978,Steinburg – Dithmarschen Süd,afc292e3-c064-47c7-bfea-49185e35bb90
2,CDU,1,Liste,Wadephul,Johann,TRUE,1963,Schleswig-Holstein,67eb7a16-97ea-46cc-9773-f93e94ec76bc
3,CDU,3,Liste,Gädechens,Ingo,TRUE,1960,Schleswig-Holstein,7cfb0d1d-3efc-4fbb-833e-e4fe6c0a5c54
4,CDU,4,Liste,Nicolaisen,Petra,TRUE,1965,Schleswig-Holstein,850d90df-c80f-4d96-8f3d-c21133bedf11
5,CDU,5,Liste,Storjohann,Gero,TRUE,1958,Schleswig-Holstein,51086a86-ed38-4480-ac13-c36eff131d0f
6,CDU,1,Liste,Amthor,Philipp,TRUE,1992,Mecklenburg-Vorpommern,79691f08-12df-493e-ad55-f89cb57100cc
7,CDU,2,Liste,Monstadt,Dietrich,TRUE,1957,Mecklenburg-Vorpommern,6feca9de-49cc-47e9-bbf8-2c053d7bc2a7
8,CDU,1,Liste,Ploß,Christoph,TRUE,1985,Hamburg,b3482093-d215-453b-be02-709e19c96d5f
9,CDU,2,Liste,Hoppermann,Franziska,TRUE,1982,Hamburg,446ee3a0-f9ab-4dce-a69d-dc83639204b3
10,CDU,,Direkt,Breher,Silvia,TRUE,1973,Cloppenburg – Vechta,00647197-dcf4-4200-a4b9-ff0e83922c55
11,CDU,,Direkt,Connemann,Gitta,TRUE,1964,Unterems,fb3d8766-b49e-4a4e-945d-b965e6d933ba
12,CDU,,Direkt,Stegemann,Albert,TRUE,1976,Mittelems,fd3802e6-330a-4645-b368-c030131e50b3
13,CDU,,Direkt,Berghegger,André,TRUE,1972,Osnabrück-Land,f4a98e6f-3afa-4232-83e0-a33f7d099c94
14,CDU,,Direkt,Grundmann,Oliver,TRUE,1971,Stade I – Rotenburg II,a327a774-9d58-4f85-875d-2bbb56c406d2
15,CDU,,Direkt,Knoerig,Axel,TRUE,1967,Diepholz – Nienburg I,a27be7f2-962a-4fb9-8a81-a56f0b74b625
16,CDU,,Direkt,Mattfeldt,Andreas,TRUE,1969,Osterholz – Verden,d4f08e31-e9b1-4aa2-8d4a-d6610ac5ca59
17,CDU,,Direkt,Otte,Henning,TRUE,1968,Celle – Uelzen,89d9d8f2-a974-40aa-bb2e-bf6d755599fa
18,CDU,1,Liste,Hoppenstedt,Hendrik,TRUE,1972,Niedersachsen,276e75ab-c82c-4247-bdde-f097d254540c
19,CDU,2,Liste,Grosse-Brömer,Michael,TRUE,1960,Niedersachsen,3a3d1ce9-2bce-49af-8870-a410a42381d0
20,CDU,4,Liste,Middelberg,Mathias,TRUE,1964,Niedersachsen,6882c77a-1b7b-4982-acbe-3013faadbc43
21,CDU,5,Liste,Ferlemann,Enak,TRUE,1963,Niedersachsen,8e93eb78-630f-45f5-9960-7e406c99e992
22,CDU,6,Liste,Janssen,Anne,TRUE,1982,Niedersachsen,440ae4b0-06af-4f4f-afdc-5c1af77b60df
23,CDU,7,Liste,Kuban,Tilman,TRUE,1987,Niedersachsen,92c6c1d5-62c5-4a21-b18b-5ca87d020fb8
24,CDU,8,Liste,Müller,Carsten,TRUE,1970,Niedersachsen,466b776f-d834-437b-b229-2bd6193e08ff
25,CDU,9,Liste,Wulf,Mareike,TRUE,1979,Niedersachsen,71b6681a-cd6b-48c4-b565-864ceeef3dd4
26,CDU,1,Liste,Röwekamp,Thomas,TRUE,1966,Bremen,b6c25e94-c6b0-4415-a8a2-6cecdf9b53bb
27,CDU,1,Liste,Koeppen,Jens,TRUE,1962,Brandenburg,a768fb21-ccc0-4a6f-9e6d-e2346acf121d
28,CDU,2,Liste,Feiler,Uwe,TRUE,1965,Brandenburg,253bc55b-a6c8-42f7-9b95-b8a994448390
29,CDU,3,Liste,Schimke,Jana,TRUE,1979,Brandenburg,21ed7064-0e06-49dc-be12-b56bd69a4f71
30,CDU,4,Liste,Abraham,Knut,TRUE,1966,Brandenburg,d2c5eed2-cb28-40e3-b285-f81402ba48bc
31,CDU,,Direkt,Müller,Sepp,TRUE,1989,Dessau – Wittenberg,aac6a082-9401-4228-818b-3af0bd7fc7e6
32,CDU,,Direkt,Brehmer,Heike,TRUE,1962,Harz,423e9771-c901-4f1d-81dd-ab5804dd1281
33,CDU,,Direkt,Stier,Dieter,TRUE,1964,Burgenland – Saalekreis,35cc4db5-aa96-4e02-91ff-11279e649010
34,CDU,3,Liste,Sorge,Tino,TRUE,1975,Sachsen-Anhalt,5fe754ca-3fdd-4484-b75f-9088b57fb937
35,CDU,,Direkt,Czaja,Mario,TRUE,1975,Berlin-Marzahn-Hellersdorf,6a181ce6-2262-4727-ada6-de25d0c1037d
36,CDU,,Direkt,Grütters,Monika,TRUE,1962,Berlin-Reinickendorf,f28019cd-679e-4595-891d-ecb118475999
37,CDU,,Direkt,Heilmann,Thomas,TRUE,1964,Berlin-Steglitz-Zehlendorf,dac48c3d-3266-453f-9828-567b69f53c2f
38,CDU,2,Liste,Luczak,Jan-Marco,TRUE,1975,Berlin,9644ca01-d534-4010-9452-96d28a541758
39,CDU,,Direkt,Linnemann,Carsten,TRUE,1977,Paderborn,eef0b827-a280-47ca-8ad1-9523eade75b4
40,CDU,,Direkt,König,Anne,TRUE,1984,Borken II,8a7033b4-0a01-4d76-9245-03a377408711
41,CDU,,Direkt,Henrichmann,Marc,TRUE,1976,Coesfeld – Steinfurt II,7a3a59e1-1ef8-45ce-a2b9-2dd7da5bf420
42,CDU,,Direkt,Merz,Joachim-Friedrich,TRUE,1955,Hochsauerlandkreis,d43ef1b3-1be7-41ec-93e8-da8043db8fbb
43,CDU,,Direkt,Haase,Christian,TRUE,1966,Höxter – Gütersloh III – Lippe II,95807676-fcd2-4a2c-b9b8-8e9bb7aef093
44,CDU,,Direkt,Röttgen,Norbert,TRUE,1965,Rhein-Sieg-Kreis II,39b299fe-bd6c-4988-a3bd-b51e5cf954aa
45,CDU,,Direkt,Spahn,Jens,TRUE,1980,Steinfurt I – Borken I,addde4af-3266-4026-ab8f-82104ddf5e1e
46,CDU,,Direkt,Brinkhaus,Ralph,TRUE,1968,Gütersloh I,d1dcabee-b83d-4bed-b7a8-6e63f0d7e240
47,CDU,,Direkt,Oellers,Wilfried,TRUE,1975,Heinsberg,a5d90814-2d46-4a8f-892b-84e56dfd17ca
48,CDU,,Direkt,Rouenhoff,Stefan,TRUE,1978,Kleve,fce60a6d-ad80-4c57-ae03-0d67666d96ae
49,CDU,,Direkt,Müller,Florian,TRUE,1987,Olpe – Märkischer Kreis I,911e2cac-f1ea-450b-8709-a00cf48f26da
50,CDU,,Direkt,Rachel,Thomas,TRUE,1962,Düren,03327e2c-04e6-40da-8959-6e5ed5c9c317
51,CDU,,Direkt,Rehbaum,Henning,TRUE,1973,Warendorf,1ae44318-20b1-4163-83e6-c9adb48ad9a4
52,CDU,,Direkt,Gröhe,Hermann,TRUE,1961,Neuss I,bc159da0-7f1a-4da8-a72b-602f66e39cd1
53,CDU,,Direkt,Plum,Martin,TRUE,1982,Viersen,285b0d4a-c5fc-4406-bc8a-1732031604f4
54,CDU,,Direkt,Krings,Günter,TRUE,1969,Mönchengladbach,0bfcd62e-b0e8-4d74-9b3b-5dfec4010427
55,CDU,,Direkt,Seif,Detlef,TRUE,1962,Euskirchen – Rhein-Erft-Kreis II,1982214c-f685-457f-bbe7-a6c5b3c64343
56,CDU,,Direkt,Karliczek,Anja,TRUE,1971,Steinfurt III,0d247cef-f5ab-4041-a776-ba07d32f5fcc
57,CDU,,Direkt,Brodesser,Carsten,TRUE,1967,Oberbergischer Kreis,243dc208-1300-4ac3-8e5d-ba3d63469701
58,CDU,,Direkt,Klein,Volkmar,TRUE,1960,Siegen-Wittgenstein,85e208d4-98dc-4a9f-b9a9-4fbcecfe4936
59,CDU,,Direkt,Ziemiak,Paul,TRUE,1985,Märkischer Kreis II,53a2368c-a683-4732-b8dc-7468a481ce10
60,CDU,,Direkt,Heveling,Ansgar,TRUE,1972,Krefeld I – Neuss II,a1a2ed59-b6c0-4d99-8400-c4f6af25a96a
61,CDU,,Direkt,Thies,Hans-Jürgen,TRUE,1955,Soest,d4ddd03c-fa8c-42ac-a48e-0e62a21fbb3c
62,CDU,,Direkt,Kippels,Georg,TRUE,1959,Rhein-Erft-Kreis I,05344b56-4254-4580-89c4-693b56c746bc
63,CDU,,Direkt,Winkelmeier-Becker,Elisabeth,TRUE,1962,Rhein-Sieg-Kreis I,366a8c4a-f4b4-4bd0-9d38-47f7f36bc4e1
64,CDU,,Direkt,Beyer,Peter,TRUE,1970,Mettmann II,7a0dc1e9-b5a5-4ee5-a7a6-f14dbd2419d4
65,CDU,,Direkt,Jarzombek,Thomas,TRUE,1973,Düsseldorf I,4fa467cd-89ec-4109-a005-3f197ebcb571
66,CDU,,Direkt,Hauer,Matthias,TRUE,1977,Essen III,671150a2-d8df-4b0c-8c95-3f8ea7c13c7f
67,CDU,,Direkt,Tebroke,Hermann-Josef,TRUE,1964,Rheinisch-Bergischer Kreis,612a821d-5179-4151-be3b-6f5a4697d38b
68,CDU,,Direkt,Wiener,Klaus,TRUE,1962,Mettmann I,cb70fb61-425b-4a4b-9750-58a7746e087a
69,CDU,1,Liste,Laschet,Armin,TRUE,1961,Nordrhein-Westfalen,d8098754-62d0-4488-95cc-7122632d2915
70,CDU,8,Liste,Güler,Serap,TRUE,1980,Nordrhein-Westfalen,225d7ae4-7abe-45a5-9e3c-908d7e796206
71,CDU,10,Liste,Timmermann-Fechter,Astrid,TRUE,1963,Nordrhein-Westfalen,a23afc4b-7ffd-4b43-8291-be78a2c64cfd
72,CDU,13,Liste,Weiss,Sabine,TRUE,1958,Nordrhein-Westfalen,0e0006f7-6d3f-4b46-af3e-50318bfeac0a
73,CDU,15,Liste,dos Santos Firnhaber,Catarina,TRUE,1994,Nordrhein-Westfalen,198f61e4-b556-433e-9b51-cfb79a80b2d7
74,CDU,16,Liste,Breilmann,Michael,TRUE,1983,Nordrhein-Westfalen,560be775-4dee-4475-bb71-86dda991e326
75,CDU,17,Liste,Vieregge,Kerstin,TRUE,1976,Nordrhein-Westfalen,40467ede-2b85-4586-a4f4-2b0422edf05d
76,CDU,18,Liste,Nacke,Stefan,TRUE,1976,Nordrhein-Westfalen,5a294b08-c07f-4daf-990f-5e90fd51e1b7
77,CDU,,Direkt,Magwas,Yvonne,TRUE,1979,Vogtlandkreis,1a9f2302-e587-4d7e-a053-4d0e6874e981
78,CDU,,Direkt,Reichel,Markus,TRUE,1968,Dresden I,d59cf1bd-0911-41e5-997c-e81e2a51bf0f
79,CDU,,Direkt,Lehmann,Jens,TRUE,1967,Leipzig I,8f19f9a0-0cf7-4ff2-bd0f-b45d880c920e
80,CDU,,Direkt,Rohwer,Lars,TRUE,1972,Dresden II – Bautzen II,1d4c27bb-58a5-4709-b710-c656c2e85a7d
81,CDU,1,Liste,Wanderwitz,Marco,TRUE,1975,Sachsen,22424dc1-1d8d-4209-8e49-fba98c6d2058
82,CDU,2,Liste,Schenderlein,Christiane,TRUE,1981,Sachsen,1d740118-fb12-485a-acce-269c259010f2
83,CDU,,Direkt,Brand,Michael,TRUE,1973,Fulda,3bb09574-16c8-406f-b24b-8148d8b51d74
84,CDU,,Direkt,Altenkamp,Norbert,TRUE,1972,Main-Taunus,7e65e7f7-92bf-4609-b9b9-bec54495b680
85,CDU,,Direkt,Koob,Markus,TRUE,1977,Hochtaunus,4f337281-1063-440d-b34a-9bc517b51c0e
86,CDU,,Direkt,Meister,Michael,TRUE,1961,Bergstraße,245ece4d-7ca3-43d1-b038-e8713780ff70
87,CDU,,Direkt,Willsch,Klaus-Peter,TRUE,1961,Rheingau-Taunus – Limburg,67f46cd6-2931-461a-b2bb-ee87bb3e03cd
88,CDU,,Direkt,Simon,Björn,TRUE,1981,Offenbach,a991a305-06b0-4717-b012-709863c92924
89,CDU,,Direkt,Jung,Ingmar,TRUE,1978,Wiesbaden,8edb6f7e-14f5-4404-bb4e-30baf9e1b153
90,CDU,1,Liste,Braun,Helge,TRUE,1972,Hessen,cedb64a9-aed3-4024-8d9f-e4651e2bab88
91,CDU,2,Liste,Lips,Patricia,TRUE,1963,Hessen,866f86ea-dc44-4a87-860f-e9457e61e31c
92,CDU,5,Liste,Leikert,Katja,TRUE,1975,Hessen,6c90c3d6-4c95-4715-8922-e01b65f06d56
93,CDU,6,Liste,Schwarz,Armin,TRUE,1968,Hessen,45fd226f-e2a3-417d-80ef-09c3d9b00623
94,CDU,,Direkt,Grund,Manfred,TRUE,1955,Eichsfeld – Nordhausen – Kyffhäuserkreis,90e5d1b6-3b70-49bc-ac9a-085b7a237774
95,CDU,1,Liste,Hirte,Christian,TRUE,1976,Thüringen,e38c8deb-656b-4661-8a90-8e33308f06f7
96,CDU,2,Liste,Tillmann,Antje,TRUE,1964,Thüringen,e96546f7-d288-4fdc-9d73-9ed008c371fb
97,CDU,,Direkt,Schnieder,Patrick,TRUE,1968,Bitburg,9a040b80-13ee-4f4b-8128-276ea25e4f4b
98,CDU,,Direkt,Heil,Mechthild,TRUE,1961,Ahrweiler,58dc5a8a-78b3-459a-8415-a6214c9fe97f
99,CDU,,Direkt,Bröhr,Marlon,TRUE,1974,Mosel/Rhein-Hunsrück,6d668289-9bf8-499e-8e99-69bee03215f7
100,CDU,,Direkt,Metzler,Jan,TRUE,1981,Worms,026408cd-5041-4e03-ac31-1b39087f57fc
101,CDU,,Direkt,Rüddel,Erwin,TRUE,1955,Neuwied,796e8690-472d-42fb-b396-a84429bc5634
102,CDU,,Direkt,Oster,Josef,TRUE,1971,Koblenz,f50ff5ce-a55b-479d-bd63-7b485bca8d41
103,CDU,,Direkt,Steiniger,Johannes,TRUE,1987,Neustadt – Speyer,7fd7df90-cbba-48d4-8dc4-6fdfc1d2d4ce
104,CDU,1,Liste,Klöckner,Julia,TRUE,1972,Rheinland-Pfalz,6f98e077-90aa-4268-9595-4537288bde49
105,CDU,3,Liste,Gebhart,Thomas,TRUE,1971,Rheinland-Pfalz,5646b116-2d93-40ea-ab53-d54238f35682
106,CDU,,Direkt,Kiesewetter,Roderich,TRUE,1963,Aalen – Heidenheim,6920d09e-de3d-4a66-94af-ab44389b2ffc
107,CDU,,Direkt,Frei,Thorsten,TRUE,1973,Schwarzwald-Baar,e1ec98de-72be-4f53-849e-189768c10cca
108,CDU,,Direkt,Warken,Nina,TRUE,1979,Odenwald – Tauber,3be23550-bddc-4f7c-a403-f5af5e7c9ea6
109,CDU,,Direkt,Rief,Josef,TRUE,1960,Biberach,888cf6ae-a4fe-4026-aeb2-cc1fe728265b
110,CDU,,Direkt,Schäuble,Wolfgang,TRUE,1942,Offenburg,8b15d57f-d27c-45ec-81c4-99fd5ff7f330
111,CDU,,Direkt,Jung,Andreas,TRUE,1975,Konstanz,3f4c1ace-4300-4851-b5ce-b71cf83fa7d1
112,CDU,,Direkt,Mack,Klaus,TRUE,1973,Calw,cf01bd00-5685-4db3-97b0-4aed4fe36884
113,CDU,,Direkt,Schreiner,Felix,TRUE,1986,Waldshut,110e839d-d383-4a63-809e-25fb7c148886
114,CDU,,Direkt,Whittaker,Kai,TRUE,1985,Rastatt,c5aff15d-2562-4808-aa14-253bda0b5e98
115,CDU,,Direkt,Kemmer,Ronja,TRUE,1989,Ulm,f2bd8686-47b7-4a22-a8a4-eb10705735f7
116,CDU,,Direkt,Donth,Michael,TRUE,1967,Reutlingen,76397742-377d-4802-9f44-e526753b2f32
117,CDU,,Direkt,von Stetten,Christian,TRUE,1970,Schwäbisch Hall – Hohenlohe,ed2ca7bf-af83-4e73-bbfa-64133b16a62e
118,CDU,,Direkt,Grübel,Markus,TRUE,1959,Esslingen,fe04661b-da41-42d7-8dbb-81e0a8c15ce5
119,CDU,,Direkt,Weiss,Maria-Lena,TRUE,1981,Rottweil – Tuttlingen,0222f3f8-a70e-419c-9eb1-e2e92cc3069b
120,CDU,,Direkt,Färber,Hermann,TRUE,1963,Göppingen,ca4a38b2-cd34-4277-b2fe-34e94e156911
121,CDU,,Direkt,Müller,Axel,TRUE,1963,Ravensburg,ccb0987d-4d08-4080-833c-11bcde9a507a
122,CDU,,Direkt,Gräßle,Ingeborg,TRUE,1961,Backnang – Schwäbisch Gmünd,2fd70f38-5ce5-4f34-be83-8d619ee3b7f8
123,CDU,,Direkt,Gramling,Fabian,TRUE,1987,Neckar-Zaber,6144b6f8-dbbe-4a74-a220-0f04dda324be
124,CDU,,Direkt,Zippelius,Nicolas,TRUE,1987,Karlsruhe-Land,e5b15d8a-263d-45fa-9fc4-ba6b093fb2d7
125,CDU,,Direkt,Mayer-Lay,Volker,TRUE,1981,Bodensee,32f7ce4d-6972-44fc-b10f-0f3b4c51727f
126,CDU,,Direkt,Hennrich,Michael,TRUE,1965,Nürtingen,88f6ba04-0130-462f-954a-fe779a2c1e5b
127,CDU,,Direkt,Bareiß,Thomas,TRUE,1975,Zollernalb – Sigmaringen,1198c0e8-def3-4e4b-b154-13977593c967
128,CDU,3,Liste,Schön,Nadine,TRUE,1983,Saarland,854b983a-4003-44d9-87f8-8d5c119b76b5
129,CDU,4,Liste,Uhl,Markus,TRUE,1979,Saarland,b14977ad-4cac-4e27-b8c2-8803b2d995b3
130,SPD,,Direkt,Klüssendorf,Tim,TRUE,1991,Lübeck,e4ec5891-b051-4fb3-9e84-e88ad0140801
131,SPD,,Direkt,Hagedorn,Bettina,TRUE,1955,Ostholstein – Stormarn-Nord,e0a359a1-bdc5-4db2-9f7f-361128ef5d4a
132,SPD,,Direkt,Bergt,Bengt,TRUE,1982,Segeberg – Stormarn-Mitte,9f42368c-1ed3-4487-8275-d297ede0f22f
133,SPD,,Direkt,Klinck,Kristian,TRUE,1979,Plön – Neumünster,a3dedd33-ef5b-4f7e-8bdb-abc1b5737792
134,SPD,,Direkt,Stegner,Ralf,TRUE,1959,Pinneberg,c196eddb-2625-42f2-8458-580d00de6ad2
135,SPD,,Direkt,Scheer,Nina,TRUE,1971,Herzogtum Lauenburg – Stormarn-Süd,39d65b92-10c5-4299-a424-2efd52a22545
136,SPD,,Direkt,Rix,Sönke,TRUE,1975,Rendsburg-Eckernförde,7b269aff-cf9f-4a74-883f-a49dcf16eae3
137,SPD,,Direkt,Junge,Frank,TRUE,1967,Ludwigslust-Parchim II – Nordwestmecklenburg II – Landkreis Rostock I,8de55af3-794c-41ba-b86f-2826584cc97c
138,SPD,,Direkt,Arlt,Johannes,TRUE,1984,Mecklenburgische Seenplatte II – Landkreis Rostock III,82d39ee6-05c2-473f-8747-06ad03f8ecb2
139,SPD,,Direkt,Alabali-Radovan,Reem,TRUE,1990,Schwerin – Ludwigslust-Parchim I – Nordwestmecklenburg I,30722bb9-4b55-4987-a40b-afd645edb485
140,SPD,,Direkt,Zschau,Katrin,TRUE,1976,Rostock – Landkreis Rostock II,46c7cee5-2142-4a13-97c7-46e16a35f553
141,SPD,,Direkt,Hakverdi,Metin,TRUE,1969,Hamburg-Bergedorf – Harburg,40f1f151-0cfd-4d1c-a654-524f010ce7fa
142,SPD,,Direkt,Özoğuz,Saliha,TRUE,1967,Hamburg-Wandsbek,0bf366e4-8949-405f-865e-ffa3f909981e
143,SPD,,Direkt,Droßmann,Falko,TRUE,1973,Hamburg-Mitte,75d30fe6-7fe3-43cc-9da1-a3c1156cee78
144,SPD,,Direkt,Martin,Dorothee,TRUE,1978,Hamburg-Nord,a0d50413-2121-474d-9457-13dcc072e66d
145,SPD,,Direkt,Saathoff,Johann,TRUE,1967,Aurich – Emden,e8067761-8acc-4a6f-9e13-ac712d8737f3
146,SPD,,Direkt,Klingbeil,Lars,TRUE,1978,Rotenburg I – Heidekreis,be142b95-a0e1-44c4-9341-331175c19137
147,SPD,,Direkt,Möller,Siemtje,TRUE,1983,Friesland – Wilhelmshaven – Wittmund,6b362d0c-5c5b-4b8f-9279-39c1182c0d03
148,SPD,,Direkt,Heil,Wolfgang-Hubertus,TRUE,1972,Gifhorn – Peine,84c0e3a2-86bc-4792-88e1-67d40aac5b63
149,SPD,,Direkt,Schraps,Johannes,TRUE,1983,Hameln-Pyrmont – Holzminden,a676b7ca-f475-4837-aa88-a4152d6a3e9b
150,SPD,,Direkt,Mohrs,Falko,TRUE,1984,Helmstedt – Wolfsburg,a9062413-043f-439d-9100-6f1429caed2c
151,SPD,,Direkt,Miersch,Matthias,TRUE,1968,Hannover-Land II,b1922bf5-ad2d-409b-a208-9ab522495bec
152,SPD,,Direkt,Westphal,Bernd,TRUE,1960,Hildesheim,15ed1a0c-a2b2-44db-9ff0-208ed03c3e45
153,SPD,,Direkt,Kreiser,Dunja,TRUE,1971,Salzgitter – Wolfenbüttel,6d40cc2b-fc2a-457a-884e-b3a98722892a
154,SPD,,Direkt,Rohde,Dennis,TRUE,1986,Oldenburg – Ammerland,793a29ce-55f5-4dee-ad30-b46560d863fa
155,SPD,,Direkt,Schneider,Daniel,TRUE,1976,Cuxhaven – Stade II,7acf6546-968a-4c1b-ac82-9f60826f3342
156,SPD,,Direkt,Mittag,Susanne,TRUE,1958,Delmenhorst – Wesermarsch – Oldenburg-Land,e5cc7ce7-af3a-4ba5-9c67-82337e363716
157,SPD,,Direkt,Pantazis,Christos,TRUE,1975,Braunschweig,1c2ffce4-7ce0-4e28-a01e-891471a5b7df
158,SPD,,Direkt,Heiligenstadt,Frauke,TRUE,1966,Goslar – Northeim – Osterode,de9d9bc8-1626-4f11-b5ca-188306b3f595
159,SPD,,Direkt,Völlers,Marja-Liisa,TRUE,1984,Nienburg II – Schaumburg,e091705c-f47f-4076-9d5e-b26790d360b0
160,SPD,,Direkt,Ahmetovic,Adis,TRUE,1993,Stadt Hannover I,a0ca6eeb-0dd4-40cf-9488-6e2cc2346d54
161,SPD,,Direkt,Schamber,Rebecca,TRUE,1975,Hannover-Land I,aadd7d20-ef76-4a63-8dc8-62eeb21114cc
162,SPD,,Direkt,Fahimi,Yasmin,TRUE,1967,Stadt Hannover II,e3c876cf-31d8-4641-8964-e7956fcb9b40
163,SPD,,Direkt,Philippi,Andreas,TRUE,1965,Göttingen,22fce2be-c87a-4de9-ac27-3dc87d1ba16f
164,SPD,,Direkt,Stadler,Svenja,TRUE,1976,Harburg,f7c33a0e-8bd3-423d-8d3b-fd5cd439534b
165,SPD,,Direkt,Gava,Manuel,TRUE,1991,Stadt Osnabrück,8f415bf6-f338-4a47-b57c-1db5ce31d215
166,SPD,,Direkt,Blankenburg,Jakob,TRUE,1997,Lüchow-Dannenberg – Lüneburg,9bc2323c-0399-4224-af06-8b37b9b31aa3
167,SPD,,Direkt,Schmidt,Uwe,TRUE,1966,Bremen II – Bremerhaven,51fad4e6-8b7f-433a-bb71-637347bc12fe
168,SPD,,Direkt,Ryglewski,Sarah,TRUE,1983,Bremen I,b4bbcad8-e707-4822-9cac-9912d57db104
169,SPD,,Direkt,Scholz,Olaf,TRUE,1958,Potsdam – Potsdam-Mittelmark II – Teltow-Fläming II,8fe04953-6cb3-4c0b-b21b-58a478c20899
170,SPD,,Direkt,Papenbrock,Wiebke,TRUE,1979,Prignitz – Ostprignitz-Ruppin – Havelland I,3a38e009-5ede-4b81-b038-eeb066d50f57
171,SPD,,Direkt,Eichwede,Sonja,TRUE,1987,Brandenburg an der Havel – Potsdam-Mittelmark I – Havelland III – Teltow-Fläming I,4ed6f5da-1c71-4cda-8a38-cdb9c15d832d
172,SPD,,Direkt,Zierke,Stefan,TRUE,1970,Uckermark – Barnim I,dc6aa0f1-8807-4147-bdfd-cbbe3ae5492f
173,SPD,,Direkt,Papendieck,Mathias,TRUE,1982,Frankfurt (Oder) – Oder-Spree,ddff1b2c-1391-42cc-97c8-adef77b9da43
174,SPD,,Direkt,Wallstein,Maja,TRUE,1986,Cottbus – Spree-Neiße,d1f151f1-070d-47f5-93f7-9f31180106b7
175,SPD,,Direkt,Lehmann,Sylvia,TRUE,1954,Dahme-Spreewald – Teltow-Fläming III – Oberspreewald-Lausitz I,ca412baa-3fc9-4545-b4da-8d5d7358478f
176,SPD,,Direkt,Diaby,Karamba,TRUE,1961,Halle,d524d23e-6da7-4c90-8981-fa0eb9c540e2
177,SPD,,Direkt,Wollmann,Herbert,TRUE,1951,Altmark,2a27946f-694a-4a21-9f68-bf2f6c537f39
178,SPD,,Direkt,Kersten,Franziska,TRUE,1968,Börde – Jerichower Land,45a16de7-b289-4afe-b6e4-cd7245f27e94
179,SPD,,Direkt,Kröber,Martin,TRUE,1992,Magdeburg,0b734b3f-e3bd-4ca1-b001-40de72638abc
180,SPD,2,Liste,Budde,Katrin,TRUE,1965,Sachsen-Anhalt,5598510b-a6be-49be-8aa4-b94af98c9c06
181,SPD,,Direkt,Kleebank,Helmut,TRUE,1964,Berlin-Spandau – Charlottenburg Nord,b6b13cc1-0c3a-4714-9841-b2a0b43e03df
182,SPD,,Direkt,Kühnert,Kevin,TRUE,1989,Berlin-Tempelhof-Schöneberg,00fce9d2-da42-45be-9c6c-d559d7dfb6ef
183,SPD,,Direkt,Demir,Hakan,TRUE,1984,Berlin-Neukölln,731fe179-4bb0-4c06-8e90-03734eac36e4
184,SPD,,Direkt,Müller,Michael,TRUE,1964,Berlin-Charlottenburg-Wilmersdorf,4eded915-c159-4d96-8309-0dedc3017c90
185,SPD,2,Liste,Kiziltepe,Cansel,TRUE,1975,Berlin,adb84e27-b225-406b-8e34-132889cb9bba
186,SPD,4,Liste,Klose,Annika,TRUE,1992,Berlin,8a640beb-81b1-4f11-a1a3-8403fda8f8ff
187,SPD,,Direkt,Lauterbach,Karl,TRUE,1963,Leverkusen – Köln IV,99adc922-a230-4e3a-b4f3-2e2e1c92bd44
188,SPD,,Direkt,Müntefering,Michelle-Jasmin,TRUE,1980,Herne – Bochum II,ddf9ee71-1a1a-4391-9c11-967cdbfd665d
189,SPD,,Direkt,Schwabe,Frank,TRUE,1970,Recklinghausen I,8f7996d3-08ce-4b21-8d54-424ddecf403a
190,SPD,,Direkt,Kaczmarek,Oliver,TRUE,1970,Unna I,7713bbe0-b996-4f04-b932-ab0276da4171
191,SPD,,Direkt,Thews,Michael,TRUE,1964,Hamm – Unna II,ac91ef8d-8c0f-48aa-8375-6a7a4e785ea8
192,SPD,,Direkt,Töns,Markus,TRUE,1964,Gelsenkirchen,2c1343f5-15d8-4638-8ba4-af363923c3be
193,SPD,,Direkt,Bas,Bärbel,TRUE,1968,Duisburg I,fd03c0ba-ab24-47d9-bf74-99d41cc8eb70
194,SPD,,Direkt,Özdemir,Mahmut,TRUE,1987,Duisburg II,6056bbad-a264-46b1-b137-bb1b711b6b7e
195,SPD,,Direkt,Gerdes,Michael,TRUE,1960,Bottrop – Recklinghausen III,88c4318b-d0c9-4be3-8aae-50f22e55616a
196,SPD,,Direkt,Poschmann,Sabine,TRUE,1968,Dortmund II,b81d6f97-add7-42c2-91e5-0c697d67d589
197,SPD,,Direkt,Vöpel,Dirk,TRUE,1971,Oberhausen – Wesel III,7c7070e8-1b1c-4b55-82a1-2022f33e9e84
198,SPD,,Direkt,Post,Achim,TRUE,1959,Minden-Lübbecke I,1b0ad0b7-d454-4b59-95c4-fe0935385757
199,SPD,,Direkt,Schäfer,Axel,TRUE,1952,Bochum I,ca009785-69c5-4030-8849-93dbb0f7de04
200,SPD,,Direkt,Heidenblut,Dirk,TRUE,1961,Essen II,20d248fd-3461-4ab5-bcd6-9beffcba03eb
201,SPD,,Direkt,Nickholz,Brian,TRUE,1989,Recklinghausen II,52d3c4ac-fdd1-4542-bac3-8c2fb51280b3
202,SPD,,Direkt,Lindh,Helge,TRUE,1976,Wuppertal I,0ea4000e-ade7-4a61-9e37-4e7aa96d8094
203,SPD,,Direkt,Schwartze,Stefan,TRUE,1974,Herford – Minden-Lübbecke II,f1118c7e-b9ec-4cdb-9886-1bf75b7670cf
204,SPD,,Direkt,Fiedler,Sebastian,TRUE,1973,Mülheim – Essen I,66be3f19-9480-4d28-b269-3d7123f7e108
205,SPD,,Direkt,Echeverria,Inaki,TRUE,1980,Ennepe-Ruhr-Kreis II,a76cc92c-124f-4e6a-ae8a-9a862a8162e8
206,SPD,,Direkt,Dieren,Jan,TRUE,1991,Krefeld II – Wesel II,cbd7b0cb-dc7a-463f-87df-bd43a3be8d26
207,SPD,,Direkt,Moll,Claudia,TRUE,1968,Aachen II,8a7f03d7-cddc-41ca-bcf2-c4394c9f7dae
208,SPD,,Direkt,Keller,Rainer,TRUE,1965,Wesel I,f0f9bed1-fe63-404c-8750-f929973b3f24
209,SPD,,Direkt,Schisanowski,Timo,TRUE,1981,Hagen – Ennepe-Ruhr-Kreis I,b3230b41-7056-400e-8bfd-6a5d277b6c26
210,SPD,,Direkt,Peick,Jens,TRUE,1981,Dortmund I,2ba99c1d-4bdc-45c9-9bb8-6e7d99ebb0e3
211,SPD,,Direkt,Schäfer,Ingo,TRUE,1965,Solingen – Remscheid – Wuppertal II,89d5f81a-c718-42b1-be86-40f3ecbdfa50
212,SPD,,Direkt,Berghahn,Jürgen,TRUE,1960,Lippe I,54c47b72-3892-4d70-80dd-110a4d6d1d90
213,SPD,,Direkt,Esdar,Wiebke,TRUE,1984,Bielefeld – Gütersloh II,a0e1ac99-5f4f-456c-9f8d-e5f3d25529fb
214,SPD,,Direkt,Mützenich,Rolf,TRUE,1959,Köln III,8a7a9913-9301-4df2-8b20-c69ac001ed23
215,SPD,,Direkt,Rimkus,Andreas,TRUE,1962,Düsseldorf II,288db093-ac84-42c6-9121-1586881224d2
216,SPD,,Direkt,Abdi,Sanae,TRUE,1986,Köln I,77d127d8-0a61-4b29-a18a-fc40a9dc07b8
217,SPD,2,Liste,Schulze,Svenja,TRUE,1968,Nordrhein-Westfalen,267b81fd-8e73-43ea-b021-c52627cf523d
218,SPD,3,Liste,Hartmann,Sebastian,TRUE,1977,Nordrhein-Westfalen,eef9e29c-4a5e-4b4c-ace3-1b01e77fa9a7
219,SPD,4,Liste,Griese,Kerstin,TRUE,1966,Nordrhein-Westfalen,2b438315-5b9b-4532-aca0-ec674d681fef
220,SPD,5,Liste,Wiese,Dirk,TRUE,1983,Nordrhein-Westfalen,e2bc01b1-001a-4319-9cc1-a869e1cb2edd
221,SPD,7,Liste,Schiefner,Udo,TRUE,1959,Nordrhein-Westfalen,37cc4e70-0bbf-4f21-9dd2-e40b459d74a3
222,SPD,9,Liste,Daldrup,Bernhard,TRUE,1956,Nordrhein-Westfalen,566abe6e-9680-441f-9cab-4ef5944b9f49
223,SPD,10,Liste,Heselhaus,Nadine,TRUE,1978,Nordrhein-Westfalen,526391a8-0b3a-4602-970a-fd278004eced
224,SPD,14,Liste,Lugk,Bettina,TRUE,1982,Nordrhein-Westfalen,eff381d4-61d6-4603-bdaf-0475ecb945e5
225,SPD,17,Liste,Nietan,Dietmar,TRUE,1964,Nordrhein-Westfalen,17ae043d-fb72-4baf-b1d4-0a6b98acfd0e
226,SPD,18,Liste,Andres,Dagmar,TRUE,1969,Nordrhein-Westfalen,5962e491-2915-45f7-b69a-771faa203843
227,SPD,20,Liste,Rosenthal,Jessica,TRUE,1992,Nordrhein-Westfalen,6430a8d2-55be-4093-8d8d-4a116e9a6a92
228,SPD,21,Liste,Hellmich,Wolfgang,TRUE,1958,Nordrhein-Westfalen,2d15f210-e258-4ca0-88eb-b866082c4448
229,SPD,22,Liste,Yüksel,Gülistan,TRUE,1962,Nordrhein-Westfalen,d38fe824-0021-44ca-9b87-56c06b593c0a
230,SPD,,Direkt,Müller,Detlef,TRUE,1964,Chemnitz,13a021e4-75ff-4497-b612-f79bd6556f1c
231,SPD,1,Liste,Mann,Holger,TRUE,1979,Sachsen,3acbd43c-3beb-4d2c-a710-0c60d7f4470a
232,SPD,2,Liste,Michel,Susanne,TRUE,1963,Sachsen,ab07407e-97e9-4709-bfe6-810b4efdad50
233,SPD,4,Liste,Nasr,Rasha,TRUE,1992,Sachsen,a25dd815-1e8c-4544-85a0-717f491c8977
234,SPD,5,Liste,Kasper,Carlos,TRUE,1994,Sachsen,f7e5228a-c234-4e7d-ab20-ce8dbec9d188
235,SPD,6,Liste,Sthamer,Nadja,TRUE,1990,Sachsen,400af997-fdc7-454b-aad8-797eaf4d4c75
236,SPD,7,Liste,Funke,Fabian,TRUE,1997,Sachsen,161556e1-766f-4c80-ba4d-b1d73dcd3794
237,SPD,,Direkt,Roth,Michael,TRUE,1970,Werra-Meißner – Hersfeld-Rotenburg,0d8d7b54-32d0-4480-a808-ee6e99dfea2f
238,SPD,,Direkt,Franke,Edgar,TRUE,1960,Schwalm-Eder,231a3bb6-2e14-467a-b802-1a24e0dcafc8
239,SPD,,Direkt,Dilcher,Esther,TRUE,1965,Waldeck,c5be0ae0-d178-460e-8a30-8a3713b0d8aa
240,SPD,,Direkt,Bartol,Sören,TRUE,1974,Marburg,1e289936-5766-4fd2-b515-a6aa042d7e7b
241,SPD,,Direkt,Gremmels,Timon,TRUE,1976,Kassel,98a4781f-95bf-42f6-bf75-0f0c730b98df
242,SPD,,Direkt,Wegling,Melanie,TRUE,1990,Groß-Gerau,ad7ad44e-c0ad-4a27-92a4-0c4db2ff8697
243,SPD,,Direkt,Schmidt,Dagmar,TRUE,1973,Lahn-Dill,627170c7-2237-4587-b907-59cbb9291712
244,SPD,,Direkt,Zimmermann,Jens,TRUE,1981,Odenwald,7f4c948b-e1c7-4a82-bdab-0f0404cce6d1
245,SPD,,Direkt,Oehl,Jan,TRUE,1993,Hanau,5ecf5c5e-322c-4576-b153-1152282192b0
246,SPD,,Direkt,Müller,Bettina,TRUE,1959,Main-Kinzig – Wetterau II – Schotten,e4edf67a-e94d-4ae7-b98d-892bb70d872a
247,SPD,,Direkt,Döring,Felix,TRUE,1991,Gießen,8e265616-e66b-41a0-8e31-10a370ffb0f4
248,SPD,,Direkt,Pawlik,Natalie,TRUE,1992,Wetterau I,72a465fb-eeb4-4019-a812-4cddf3b59c2e
249,SPD,,Direkt,Zorn,Armand,TRUE,1988,Frankfurt am Main I,9c1c2aa3-9dcb-493b-bdb4-204c4217ce84
250,SPD,,Direkt,Larem,Andreas,TRUE,1964,Darmstadt,134076fa-e7f2-4904-b9f6-f603d4472675
251,SPD,,Direkt,Ullrich,Frank,TRUE,1958,Suhl – Schmalkalden-Meiningen – Hildburghausen – Sonneberg,ba698241-12d9-4575-926e-38f949b58a07
252,SPD,,Direkt,Schneider,Carsten,TRUE,1976,Erfurt – Weimar – Weimarer Land II,14ad7c88-79a8-43d4-bdaf-84e63692991c
253,SPD,,Direkt,Becker,Holger,TRUE,1964,Jena – Sömmerda – Weimarer Land I,833b0dcc-a67c-4a2a-bee6-f61813323514
254,SPD,2,Liste,Kaiser,Elisabeth,TRUE,1987,Thüringen,d55206e9-c6c1-4bdc-9d33-9a0ef1602dc0
255,SPD,,Direkt,Mieves,Matthias,TRUE,1985,Kaiserslautern,05a0891f-0e44-4c10-9f00-ea4807b02bfa
256,SPD,,Direkt,Weingarten,Joe,TRUE,1962,Kreuznach,caacd7b6-316a-4ed4-a878-9651690a22e5
257,SPD,,Direkt,Hubertz,Verena,TRUE,1987,Trier,c3077f17-4965-4f33-99c2-51376402fc42
258,SPD,,Direkt,Schreider,Christian,TRUE,1971,Ludwigshafen/Frankenthal,72fc8ad1-948e-4787-bf34-0fb73c295407
259,SPD,,Direkt,Machalet,Tanja,TRUE,1974,Montabaur,b949b45a-f7c5-44c3-9a47-4071df951e28
260,SPD,,Direkt,Glöckner,Angelika,TRUE,1962,Pirmasens,26401544-654f-42ce-9f3c-8e07f7e0e111
261,SPD,,Direkt,Hitschler,Thomas,TRUE,1982,Südpfalz,0223ee7c-8f56-428e-8cfd-3ed6f5bbfd1f
262,SPD,,Direkt,Baldy,Daniel,TRUE,1994,Mainz,c6bc95bf-3583-4a4d-b67d-23653c12121f
263,SPD,3,Liste,Rudolph,Thorsten,TRUE,1974,Rheinland-Pfalz,8103cd70-2f67-427f-8cd3-6ee461340d97
264,SPD,4,Liste,Mackensen-Geis,Isabel,TRUE,1986,Rheinland-Pfalz,6bb2b147-3f16-4b31-b3d0-c2043c4aebca
265,SPD,1,Liste,Grötsch,Ulrich,TRUE,1975,Bayern,4e442c7f-07fc-4269-8e48-79c582785b45
266,SPD,2,Liste,Kofler,Bärbel,TRUE,1967,Bayern,d7420ff3-bbcd-4e73-bf01-f87a5ee02ead
267,SPD,3,Liste,Träger,Carsten,TRUE,1973,Bayern,d65183c2-227d-45ca-a98a-58460b44e773
268,SPD,4,Liste,Kramme,Anette,TRUE,1967,Bayern,a154506f-5ed2-42e6-868c-0930d67993c4
269,SPD,5,Liste,Roloff,Sebastian,TRUE,1983,Bayern,1e08818f-690c-4ad3-8236-933859f7678f
270,SPD,6,Liste,Hagl-Kehl,Rita,TRUE,1970,Bayern,68010941-3fee-412a-9dd4-eec71691dbf8
271,SPD,7,Liste,Rützel,Bernd,TRUE,1968,Bayern,f6f0589a-7ed9-4a5e-9273-9323eaa9523a
272,SPD,8,Liste,Heinrich,Gabriela,TRUE,1963,Bayern,03b2c552-0171-46b6-ab85-79dab3f81a86
273,SPD,9,Liste,Schmid,Christoph,TRUE,1976,Bayern,f97a898f-9ae0-4ad2-a3d4-aca07db20d29
274,SPD,10,Liste,Tausend,Claudia,TRUE,1964,Bayern,bbb7b3cf-20fa-45bb-addf-7f65d0ed6d37
275,SPD,11,Liste,Schwarz,Andreas,TRUE,1965,Bayern,9cb30835-142a-413b-b6bf-94d9a6954530
276,SPD,12,Liste,Schieder,Marianne,TRUE,1962,Bayern,b84dc418-b2a7-4b3f-8484-4a909d2a14e4
277,SPD,13,Liste,Schrodi,Michael,TRUE,1977,Bayern,fed5d5a2-8704-49f7-a2af-255efa1148eb
278,SPD,14,Liste,Dittmar,Sabine,TRUE,1964,Bayern,f81fbb0f-a475-43a8-b5cf-29e9973cadee
279,SPD,15,Liste,Mehltretter,Andreas,TRUE,1991,Bayern,8660e05e-8bd2-4252-9537-671e17f4d644
280,SPD,16,Liste,Bahr,Ulrike,TRUE,1964,Bayern,dee79367-bfe7-41a0-a1f9-18064dd413de
281,SPD,17,Liste,Schätzl,Johannes,TRUE,1993,Bayern,0ec6414f-7189-4d73-82e8-cb04403d9634
282,SPD,18,Liste,Stamm-Fibich,Martina,TRUE,1965,Bayern,bcff0059-720c-4ae1-942c-aac92370d5cc
283,SPD,19,Liste,Nürnberger,Jörg,TRUE,1967,Bayern,a7114501-8351-4359-a329-fb9685f841b4
284,SPD,20,Liste,Wegge,Carmen,TRUE,1989,Bayern,bd8283ff-43bb-4dbb-8beb-b28fd914da48
285,SPD,,Direkt,Cademartori Dujisin,Isabel,TRUE,1988,Mannheim,a599fb47-1a78-449d-b48c-3c9ba779a0f2
286,SPD,1,Liste,Esken,Saskia,TRUE,1961,Baden-Württemberg,2aa02a71-ee56-40b2-b4a0-6922c0c6c288
287,SPD,2,Liste,Schmid,Nils,TRUE,1973,Baden-Württemberg,1d23f181-d5ef-4c98-836f-afe23cb14c31
288,SPD,3,Liste,Schwarzelühr-Sutter,Rita,TRUE,1962,Baden-Württemberg,d3153e40-a910-4cf0-b1af-bd4d5010bf9e
289,SPD,4,Liste,Rosemann,Martin,TRUE,1976,Baden-Württemberg,4fafc9da-1de2-48e4-a0fb-ef7c911e816c
290,SPD,5,Liste,Mast,Katja,TRUE,1971,Baden-Württemberg,57ccce36-3cb5-4894-bc70-5318e0f6ea7d
291,SPD,6,Liste,Fechner,Johannes,TRUE,1972,Baden-Württemberg,af9e9278-c513-4138-96bc-a7bc468d4a2d
292,SPD,7,Liste,Breymaier,Leni,TRUE,1960,Baden-Württemberg,9fdb6446-b2ab-469d-8e81-0c4c2590ddfc
293,SPD,8,Liste,Gerster,Martin,TRUE,1971,Baden-Württemberg,e3a5569f-9fa7-4af0-8a50-493ab4dc966c
294,SPD,9,Liste,Hostert,Jasmina,TRUE,1982,Baden-Württemberg,9aa9bc15-90cf-452d-9207-e52ffd29d4ab
295,SPD,10,Liste,Castellucci,Lars,TRUE,1974,Baden-Württemberg,eb86ba82-4db7-4012-9217-3c06d3e150de
296,SPD,11,Liste,Katzmarek,Gabriele,TRUE,1960,Baden-Württemberg,0cae968d-dc56-4867-b4ba-08d16ae5e2be
297,SPD,12,Liste,Marvi,Parsa,TRUE,1982,Baden-Württemberg,a434214b-61be-44aa-a093-97afd097479f
298,SPD,13,Liste,Baehrens,Heike,TRUE,1955,Baden-Württemberg,f0636ad2-9252-45cb-bca8-7c43f999cd08
299,SPD,14,Liste,Karaahmetoǧlu,Macit,TRUE,1968,Baden-Württemberg,39266afd-24c1-4abd-aa67-7eddc78f45c8
300,SPD,15,Liste,Seitzl,Lina,TRUE,1989,Baden-Württemberg,b9d8f6c0-6bd4-4f97-a776-e61422ea5224
301,SPD,16,Liste,Mesarosch,Robin,TRUE,1991,Baden-Württemberg,5bee81bc-df4e-41ca-9983-a057305f237b
302,SPD,18,Liste,Juratovic,Josip,TRUE,1959,Baden-Württemberg,6ed9d0e1-db47-431e-96d9-b01f30a02e1f
303,SPD,19,Liste,Türk-Nachbaur,Derya,TRUE,1973,Baden-Württemberg,8098c63e-527d-4d1b-9c01-152b1354423e
304,SPD,,Direkt,Ortleb,Josephine,TRUE,1986,Saarbrücken,b0d444bb-42c0-4ad4-801e-cbf0a1c161fb
305,SPD,,Direkt,Maas,Heiko,TRUE,1966,Saarlouis,348fe2df-1441-44c4-8752-d3ce3c9792b8
306,SPD,,Direkt,Limbacher,Esra-Leon,TRUE,1989,Homburg,061bafee-e6a1-4188-a903-3ff049be236d
307,AfD,1,Liste,Witt,Uwe,TRUE,1959,Schleswig-Holstein,3225eb76-f531-40f6-9181-529a8b808942
308,AfD,2,Liste,Bollmann,Gereon,TRUE,1953,Schleswig-Holstein,e4169146-db83-4e3d-bb23-41d9758508f0
309,AfD,1,Liste,Holm,Leif-Erik,TRUE,1970,Mecklenburg-Vorpommern,5b07e764-cca4-4ff5-b2c1-7f5df07632a9
310,AfD,2,Liste,Komning,Enrico,TRUE,1968,Mecklenburg-Vorpommern,afbc5877-408f-41f2-99a8-0c6afbdc1613
311,AfD,1,Liste,Baumann,Bernd,TRUE,1958,Hamburg,f78217da-d162-40ea-b452-678a34bec068
312,AfD,1,Liste,Wundrak,Franz,TRUE,1955,Niedersachsen,5b68e7b2-f10a-453e-8767-39d8023a9282
313,AfD,2,Liste,Rinck,Frank,TRUE,1986,Niedersachsen,070ec336-4812-4d1f-83b3-2d9dd55f92b6
314,AfD,3,Liste,Ehrhorn,Thomas,TRUE,1959,Niedersachsen,e092326b-4feb-4bd1-b79f-31a1cfc2f79d
315,AfD,4,Liste,Friedhoff,Dietmar,TRUE,1966,Niedersachsen,418ad518-f617-4a5f-ad74-e6add36c1eb2
316,AfD,5,Liste,König,Jörn,TRUE,1967,Niedersachsen,14592bab-11b5-4601-8531-d316ca3eb1cc
317,AfD,1,Liste,Gauland,Eberhardt,TRUE,1941,Brandenburg,18111789-e1e6-49f9-8a0f-dd39c2df4152
318,AfD,2,Liste,Springer,René,TRUE,1979,Brandenburg,24164726-c5e8-4141-862e-bc5d7b0c9774
319,AfD,3,Liste,Kotré,Steffen,TRUE,1971,Brandenburg,e8337974-0d50-477e-85a0-8816838657e8
320,AfD,4,Liste,Kleinwächter,Norbert,TRUE,1986,Brandenburg,e6b060b0-b2b2-4f16-ae7a-6562bd8ff289
321,AfD,,Direkt,Farle,Robert,TRUE,1950,Mansfeld,547ea491-8999-4bbb-8acb-ad4d86bfd9bf
322,AfD,,Direkt,Ziegler,Kay-Uwe,TRUE,1963,Anhalt,4d7b9b4f-3fa7-4c66-b2c2-3ff45deb8dbd
323,AfD,1,Liste,Reichardt,Martin,TRUE,1969,Sachsen-Anhalt,2ea64dc9-0677-4f98-bd58-1474754a6358
324,AfD,2,Liste,Schmidt,Jan,TRUE,1991,Sachsen-Anhalt,4b09ead2-1e5f-42db-8fb2-07179b6771e6
325,AfD,1,Liste,von Storch,Beatrix,TRUE,1971,Berlin,ccb4c6e1-de08-4fe5-b389-7d8f543ac261
326,AfD,2,Liste,Curio,Gottfried,TRUE,1960,Berlin,aed09c4b-7aad-4912-830d-5df28595c628
327,AfD,1,Liste,Lucassen,Hans-Rüdiger,TRUE,1951,Nordrhein-Westfalen,1511b7f0-6fdf-44eb-be5a-fc530e28b2b7
328,AfD,2,Liste,Gottschalk,Kay,TRUE,1965,Nordrhein-Westfalen,93bc4a1f-4c37-4e85-b495-7b5f48bec99c
329,AfD,3,Liste,Jacobi,Fabian,TRUE,1973,Nordrhein-Westfalen,e2eb1d3a-6824-4af1-9d07-59a82b1287ec
330,AfD,4,Liste,Renner,Martin,TRUE,1954,Nordrhein-Westfalen,05f575c8-57c6-4a77-abdf-abf7858ccdb3
331,AfD,5,Liste,Schneider,Jörg,TRUE,1964,Nordrhein-Westfalen,b167ac39-38c2-435e-aedb-5cac0342515b
332,AfD,6,Liste,Espendiller,Michael,TRUE,1989,Nordrhein-Westfalen,a1e64961-b7d8-4e24-8dc4-4c772b70e073
333,AfD,7,Liste,Helferich,Matthias,TRUE,1988,Nordrhein-Westfalen,f3cb366d-4374-4e1b-aff5-2c0d04dd9912
334,AfD,8,Liste,Beckamp,Roger,TRUE,1975,Nordrhein-Westfalen,0736e18e-e086-48c8-8af6-a3e0f4bc351b
335,AfD,9,Liste,Weyel,Harald,TRUE,1959,Nordrhein-Westfalen,a9f30460-10ab-456b-8420-c331846c0756
336,AfD,10,Liste,Schmidt,Eugen,TRUE,1975,Nordrhein-Westfalen,2efa713f-2a06-444d-95ba-9e0616403110
337,AfD,11,Liste,Haug,Jochen,TRUE,1973,Nordrhein-Westfalen,f4d9d8fd-ac38-4f0f-9b1e-f40c6ed604ac
338,AfD,,Direkt,Chrupalla,Tino,TRUE,1975,Görlitz,d8c13ca8-0d2a-4534-b3aa-ac9f218e71fd
339,AfD,,Direkt,Hilse,Karsten,TRUE,1964,Bautzen I,d153ecf5-e4ae-4c10-94f2-c20458b581fe
340,AfD,,Direkt,Bachmann,Carolin,TRUE,1988,Mittelsachsen,4b248615-9072-4f1f-bfe4-fd1ae903b9c7
341,AfD,,Direkt,Janich,Steffen,TRUE,1971,Sächsische Schweiz-Osterzgebirge,64b63ba2-c569-4de5-ab08-ca0348368198
342,AfD,,Direkt,Dietz,Thomas,TRUE,1967,Erzgebirgskreis I,82af6060-1743-4a0f-8d48-9bc96b39c5cd
343,AfD,,Direkt,Lenk,Barbara,TRUE,1982,Meißen,4711357d-30ce-454d-a3f3-9b215b1d4269
344,AfD,,Direkt,Moncsek,Mike,TRUE,1964,Chemnitzer Umland – Erzgebirgskreis II,aa338c0a-b113-497b-9521-5d962d8e3429
345,AfD,,Direkt,Bochmann,René,TRUE,1969,Nordsachsen,3bd36c93-0edd-4c42-8b7c-ae1dfc1b0ece
346,AfD,,Direkt,Moosdorf,Matthias,TRUE,1965,Zwickau,0c7b6935-4f58-4fdb-ad7d-9c1de7d5f214
347,AfD,1,Liste,Harder-Kühnel,Mariana,TRUE,1974,Hessen,3f1aec9c-e9fe-4962-889e-d26068861be0
348,AfD,2,Liste,Cotar,Joana,TRUE,1973,Hessen,4a68987e-0ff4-4068-af9c-ab2f02168886
349,AfD,3,Liste,Schulz,Uwe,TRUE,1961,Hessen,9e5b07d3-7d19-42cd-a73c-9b7ce84e0b67
350,AfD,4,Liste,Nolte,Jan,TRUE,1988,Hessen,7f9905a4-3480-407b-8c87-0c207f18b417
351,AfD,,Direkt,Kaufmann,Michael,TRUE,1964,Saalfeld-Rudolstadt – Saale-Holzland-Kreis – Saale-Orla-Kreis,5e931b1f-8d79-440b-9c5e-db21fd221ed5
352,AfD,,Direkt,Brandner,Stephan,TRUE,1966,Gera – Greiz – Altenburger Land,fd40728f-7365-4992-bf10-cd4fa45dd7ff
353,AfD,,Direkt,Bühl,Marcus,TRUE,1977,Gotha – Ilm-Kreis,f6978e2c-411d-4f25-9834-9d27e489582c
354,AfD,,Direkt,Stöber,Klaus,TRUE,1961,Eisenach – Wartburgkreis – Unstrut-Hainich-Kreis,732f6571-a0f9-4063-9ebc-787942b23982
355,AfD,2,Liste,Pohl,Jürgen,TRUE,1964,Thüringen,ea2d5d6b-3a60-45ee-83ae-5600de081c45
356,AfD,1,Liste,Münzenmaier,Sebastian,TRUE,1989,Rheinland-Pfalz,5021f8c3-62d5-4f33-8c11-1d9638714c45
357,AfD,2,Liste,Höchst,Nicole,TRUE,1970,Rheinland-Pfalz,b5d1534d-4e25-4a28-b88b-12370a228d4f
358,AfD,3,Liste,Bleck,Andreas,TRUE,1988,Rheinland-Pfalz,1995cde2-5f2c-4bf0-8dd2-5c2f48f8f69d
359,AfD,1,Liste,Boehringer,Peter,TRUE,1969,Bayern,b599fd15-1d63-4dc3-9587-0783ce533e6f
360,AfD,2,Liste,Miazga,Corinna,TRUE,1983,Bayern,dbafefab-fbfa-4766-a3c9-5177a7f0cb1c
361,AfD,3,Liste,Protschka,Stephan,TRUE,1977,Bayern,fa45c693-968d-490b-927f-da3ab9cceae1
362,AfD,4,Liste,Bystron,Petr,TRUE,1972,Bayern,864276ea-7647-4ede-90ea-5024bdfc3166
363,AfD,5,Liste,Sichert,Martin,TRUE,1980,Bayern,bb70f640-000e-4da9-ac45-53e23bdcf95f
364,AfD,6,Liste,Huber,Johannes,TRUE,1987,Bayern,589c6dd8-c062-4542-b2d1-934b57b2d012
365,AfD,7,Liste,Wiehle,Wolfgang,TRUE,1964,Bayern,adeb156a-32f7-439f-a39c-a98179920c87
366,AfD,8,Liste,Kraft,Rainer,TRUE,1974,Bayern,49800b5f-c273-4845-93ec-1c60ddde0869
367,AfD,9,Liste,Otten,Gerold,TRUE,1955,Bayern,cb9185ac-884c-42ac-9936-c80bfe4c9dcc
368,AfD,10,Liste,Peterka,Tobias,TRUE,1982,Bayern,87417461-bc88-442b-a70f-37571adc65ba
369,AfD,1,Liste,Weidel,Alice,TRUE,1979,Baden-Württemberg,9dba9c7f-e6f5-4a4e-81f5-6ef588ea0fd8
370,AfD,2,Liste,Hess,Martin,TRUE,1971,Baden-Württemberg,fc3ea6e0-2a53-4197-a9db-914bd010e44b
371,AfD,3,Liste,Spaniel,Dirk,TRUE,1971,Baden-Württemberg,1260a7f0-84bd-4b1f-b1d7-0a0227bd1212
372,AfD,4,Liste,Frohnmaier,Markus-Cornel,TRUE,1991,Baden-Württemberg,fcf4d64a-7f1e-425d-aa2a-0b9af7572153
373,AfD,5,Liste,Jongen,Marc,TRUE,1968,Baden-Württemberg,1acdfa81-7d03-4e2c-a3a9-31de8b8b013b
374,AfD,6,Liste,Bernhard,Marc,TRUE,1972,Baden-Württemberg,f32bab3f-edfb-457b-9ec1-f62423a83251
375,AfD,7,Liste,Kaufmann,Malte,TRUE,1976,Baden-Württemberg,2460cdaa-35a8-4548-b256-0f3deba8ad8b
376,AfD,8,Liste,Baum,Christina,TRUE,1956,Baden-Württemberg,09e12bf6-3750-4e88-b59d-52be21278b9b
377,AfD,9,Liste,Seitz,Thomas,TRUE,1967,Baden-Württemberg,1a0b7086-49a1-4c1f-86b3-8ad5567fd65a
378,AfD,1,Liste,Wirth,Christian,TRUE,1963,Saarland,a0aa6eb8-bc44-46a4-9e2b-b2873ce416bf
379,FDP,1,Liste,Kubicki,Wolfgang,TRUE,1952,Schleswig-Holstein,baee7597-2332-4b50-8a49-05def50f0d29
380,FDP,2,Liste,Jensen-Bornhöft,Gyde,TRUE,1989,Schleswig-Holstein,04e6504d-5b59-43c4-9b04-fe992f61c614
381,FDP,3,Liste,Aschenberg-Dugnus,Christine,TRUE,1959,Schleswig-Holstein,6b11df57-a49c-4734-a9f7-2283ac90b3bb
382,FDP,1,Liste,Reinhold,Hagen,TRUE,1978,Mecklenburg-Vorpommern,0d95d80a-49fe-4e77-a091-c2ef989aea50
383,FDP,1,Liste,Kruse,Michael,TRUE,1983,Hamburg,6a729ebf-86bf-4232-890a-f1b264214d7f
384,FDP,2,Liste,Schröder,Ria,TRUE,1992,Hamburg,52faac97-46d5-458a-8d19-ae3ef13a7e44
385,FDP,1,Liste,Dürr,Christian,TRUE,1977,Niedersachsen,de3a6e05-785a-49a0-8267-ba9ae18f76c1
386,FDP,2,Liste,Beeck,Jens,TRUE,1969,Niedersachsen,d2839a9b-49a4-469f-bcf2-a8a1beb37a97
387,FDP,3,Liste,Schulz,Anja,TRUE,1985,Niedersachsen,140a3755-33a1-48b6-9cc8-854be607150e
388,FDP,4,Liste,Kuhle,Konstantin,TRUE,1989,Niedersachsen,257b92a5-5367-47cf-87e8-ab5f2c31e3eb
389,FDP,5,Liste,Gerschau,Knut,TRUE,1961,Niedersachsen,654235ef-04c9-454e-a3c9-b55ddb530c13
390,FDP,6,Liste,Hocker,Gero,TRUE,1975,Niedersachsen,36c69fd5-54de-4ff9-93c9-3c80f2cbf876
391,FDP,7,Liste,Seestern-Pauly,Matthias,TRUE,1984,Niedersachsen,8b6df9b5-5c09-4a7b-b64e-411e33773851
392,FDP,1,Liste,Teuteberg,Linda,TRUE,1981,Brandenburg,5ac3ad13-0651-4282-91a4-24ce64599c96
393,FDP,2,Liste,Boginski,Friedhelm,TRUE,1955,Brandenburg,b8218852-e5b7-4779-aef8-6574a2335e3e
394,FDP,1,Liste,Faber,Marcus,TRUE,1984,Sachsen-Anhalt,fc596ed9-5d67-4be8-983d-f8f3068bef15
395,FDP,2,Liste,Bodtke,Ingo,TRUE,1965,Sachsen-Anhalt,c43c1801-f078-48f1-9509-e260c6782dc9
396,FDP,1,Liste,Meyer,Christoph,TRUE,1975,Berlin,11e95e86-a248-4883-8147-2c3d193b61e3
397,FDP,2,Liste,Kluckert,Daniela,TRUE,1980,Berlin,732f45c8-312a-43ec-adb1-567f460b122b
398,FDP,1,Liste,Lindner,Christian,TRUE,1979,Nordrhein-Westfalen,ae59e1c1-dbd8-42c5-b15e-03fe37e24f3d
399,FDP,2,Liste,Strack-Zimmermann,Marie-Agnes,TRUE,1958,Nordrhein-Westfalen,549885e3-300b-4946-be8d-e42b26945bae
400,FDP,3,Liste,Graf Lambsdorff,Alexander,TRUE,1966,Nordrhein-Westfalen,625477bf-7501-4c0a-b3e6-071cede60f2a
401,FDP,4,Liste,Buschmann,Marco,TRUE,1977,Nordrhein-Westfalen,354b133a-43a7-41bb-b8a1-55a80c8d53da
402,FDP,5,Liste,Vogel,Johannes,TRUE,1982,Nordrhein-Westfalen,4e61a852-7dff-4993-9e43-10ccc90ed91a
403,FDP,6,Liste,Djir-Sarai,Bijan,TRUE,1976,Nordrhein-Westfalen,e7b9111f-2cae-42cb-851c-573518f1d9e2
404,FDP,7,Liste,Fricke,Otto,TRUE,1965,Nordrhein-Westfalen,6f3d1639-fce7-40d4-baef-1c6deaae316c
405,FDP,8,Liste,Houben,Reinhard,TRUE,1960,Nordrhein-Westfalen,60798029-e782-4d03-a6f7-a1587ffcff82
406,FDP,9,Liste,Schäffler,Frank,TRUE,1968,Nordrhein-Westfalen,2a8d2a32-496f-4032-a89f-656faebdaccb
407,FDP,10,Liste,Westig,Nicole,TRUE,1967,Nordrhein-Westfalen,d08ad45a-09ef-4791-a30e-57858be1550e
408,FDP,11,Liste,Busen,Karlheinz,TRUE,1951,Nordrhein-Westfalen,9490ff34-f6c6-435b-8406-00e3416d7710
409,FDP,12,Liste,Herbrand,Markus,TRUE,1971,Nordrhein-Westfalen,2b1ce64f-cf2a-466a-93e7-6412d6f05b32
410,FDP,13,Liste,Reuther,Bernd,TRUE,1971,Nordrhein-Westfalen,9f7b64c0-dea6-4873-a62f-0e7ae6cad33f
411,FDP,14,Liste,Cronenberg,Carl-Julius,TRUE,1962,Nordrhein-Westfalen,6b301c83-2cd8-4088-90d6-de2596b9d2f8
412,FDP,15,Liste,Helling-Plahr,Katrin,TRUE,1986,Nordrhein-Westfalen,3f1dc709-61b2-498c-b441-2c8310201362
413,FDP,16,Liste,Sauter,Christian,TRUE,1980,Nordrhein-Westfalen,626fba43-14dd-4958-9724-8fad937ad71c
414,FDP,17,Liste,in der Beek,Olaf,TRUE,1967,Nordrhein-Westfalen,2410d0a1-db0e-4f57-8ab3-704cc57ce9cd
415,FDP,1,Liste,Herbst,Torsten,TRUE,1973,Sachsen,002558ca-6a0c-48fa-a54b-b2b48e0e248b
416,FDP,2,Liste,Müller-Rosentritt,Frank,TRUE,1982,Sachsen,76b6fe63-d15f-43f4-8598-e7f156e93d34
417,FDP,3,Liste,Hartewig,Philipp,TRUE,1994,Sachsen,f5498743-2bed-4efe-914a-a8150105a599
418,FDP,4,Liste,Harzer,Ulrike,TRUE,1968,Sachsen,6d5e2d76-7d49-499f-8141-3abe413ab349
419,FDP,1,Liste,Stark-Watzinger,Bettina,TRUE,1968,Hessen,9d346996-648f-48cb-9f07-e77d69a0d409
420,FDP,2,Liste,Lieb,Thorsten,TRUE,1973,Hessen,ce303584-534e-45ac-acbc-acca6ed958f0
421,FDP,3,Liste,Mansmann,Till,TRUE,1968,Hessen,003c335a-9c7f-4181-bd2e-52105080024d
422,FDP,4,Liste,Müller,Alexander,TRUE,1969,Hessen,e6576d63-2297-4473-9d73-b7073c7b41f4
423,FDP,5,Liste,Lenders,Jürgen,TRUE,1966,Hessen,6aec7868-8eed-4dde-85d1-4a4981069c52
424,FDP,6,Liste,Adler,Katja,TRUE,1974,Hessen,eb668241-da49-464a-aa2d-fff95478424a
425,FDP,1,Liste,Ullrich,Gerald,TRUE,1962,Thüringen,72970a62-8828-4d0f-921a-48a5867ce33f
426,FDP,2,Liste,Hanke,Reginald,TRUE,1956,Thüringen,1f527ef2-072b-461e-ad43-0a073ebaf227
427,FDP,1,Liste,Wissing,Volker,TRUE,1970,Rheinland-Pfalz,0f90716a-5c96-4655-83a6-eca1f2d9fad9
428,FDP,2,Liste,Konrad,Carina,TRUE,1982,Rheinland-Pfalz,47740081-edf0-4ea0-a902-dadc629d42ab
429,FDP,3,Liste,Brandenburg,Mario,TRUE,1983,Rheinland-Pfalz,73bf56f8-df1e-4023-b3a4-88bab4e2244e
430,FDP,4,Liste,Weeser,Sandra,TRUE,1969,Rheinland-Pfalz,37a4a7ae-0b5d-446a-90d5-cd5da4de9182
431,FDP,1,Liste,Föst,Daniel,TRUE,1976,Bayern,7fef5475-0bda-4ab8-8722-57428b88160f
432,FDP,2,Liste,Hessel,Katja,TRUE,1972,Bayern,7143a9ae-9f95-4b5d-8f23-4ec1d23e7b39
433,FDP,3,Liste,Klein,Karsten,TRUE,1977,Bayern,b07b852e-989c-4a80-aa9d-f39e238a5407
434,FDP,4,Liste,Köhler,Lukas,TRUE,1986,Bayern,0740e465-2522-4bbb-9e93-3318811c6eb0
435,FDP,5,Liste,Sattelberger,Thomas,TRUE,1949,Bayern,d03290ae-ce67-48eb-84de-84a753eb4e36
436,FDP,6,Liste,Thomae,Stephan,TRUE,1968,Bayern,4eb3cab9-05d9-4b2d-96a7-ccdee2d7bc57
437,FDP,7,Liste,Bauer,Nicole,TRUE,1987,Bayern,1df374f2-6f29-4068-a5ba-4ed25ae08a5e
438,FDP,8,Liste,Lechte,Ulrich,TRUE,1977,Bayern,99389453-76dc-4e09-a712-be830d33a6f8
439,FDP,9,Liste,Bubendorfer-Licht,Sandra,TRUE,1969,Bayern,ea64a36d-fa78-4370-b440-146f8229d673
440,FDP,10,Liste,Ullmann,Andrew,TRUE,1963,Bayern,04af7c20-17ef-4a22-b2e8-a36b69f8626d
441,FDP,11,Liste,Funke-Kaiser,Maximilian,TRUE,1993,Bayern,25a54f04-ed29-467a-b3d3-01c600150939
442,FDP,12,Liste,Lütke,Kristine,TRUE,1982,Bayern,12bd0f00-4e1e-40a9-8406-67c93c81ea48
443,FDP,1,Liste,Theurer,Michael,TRUE,1967,Baden-Württemberg,86d62382-d2db-4d65-8ce9-d1e315d35323
444,FDP,2,Liste,Skudelny,Judith,TRUE,1975,Baden-Württemberg,bf81e384-6745-422e-966b-2b19b8aee860
445,FDP,3,Liste,Link,Michael,TRUE,1963,Baden-Württemberg,4b918039-eebc-4236-ba63-e0e914c2623e
446,FDP,4,Liste,Kober,Pascal,TRUE,1971,Baden-Württemberg,df6e6289-e032-4ff9-816c-17baa8e4480d
447,FDP,5,Liste,Toncar,Florian,TRUE,1979,Baden-Württemberg,c53cea12-5957-42b2-ac25-972849168918
448,FDP,6,Liste,Strasser,Benjamin,TRUE,1987,Baden-Württemberg,46c76d38-061c-4d48-a04c-d82c975e5a06
449,FDP,7,Liste,Alt,Renata,TRUE,1965,Baden-Württemberg,b2cd85af-0ee3-4365-a006-57ec2fdf6123
450,FDP,8,Liste,Brandenburg,Jens,TRUE,1986,Baden-Württemberg,d7993325-a0db-4978-a58d-c2067abb619f
451,FDP,9,Liste,Hoffmann,Christoph,TRUE,1957,Baden-Württemberg,5b783cdb-1d9f-4a72-b04d-45f730ca5adb
452,FDP,11,Liste,Seiter,Stephan,TRUE,1963,Baden-Württemberg,493df092-4f6b-433f-80be-21d60d75bc9c
453,FDP,12,Liste,Abel,Valentin,TRUE,1991,Baden-Württemberg,a952591c-dfd7-4cdc-913c-b20abc486551
454,FDP,13,Liste,Stockmeier,Konrad,TRUE,1977,Baden-Württemberg,125d2aff-4cdd-4065-896a-7d3b3a81f79e
455,FDP,14,Liste,Jurisch,Ann-Veruschka,TRUE,1972,Baden-Württemberg,fbe473c7-6d9d-4c5b-a77c-277c9d9eb46e
456,FDP,15,Liste,Semet,Rainer,TRUE,1957,Baden-Württemberg,f6a2577d-44a0-4c46-83e3-0cae9dabdfb7
457,FDP,1,Liste,Luksic,Oliver,TRUE,1979,Saarland,b7bf95a0-4347-4d55-b1e8-fecfe3f34b84
458,DIE LINKE,1,Liste,Möhring,Cornelia,TRUE,1960,Schleswig-Holstein,bc9a305d-ab86-4b54-8a44-c1caff8e42dc
459,DIE LINKE,1,Liste,Bartsch,Dietmar,TRUE,1958,Mecklenburg-Vorpommern,d10b6fb0-df84-405d-87af-6a6b5a8cc638
460,DIE LINKE,2,Liste,Latendorf,Ina,TRUE,1971,Mecklenburg-Vorpommern,5fd5956f-188e-4f69-a9a3-0bf316109f55
461,DIE LINKE,1,Liste,Nastić,Żaklin,TRUE,1980,Hamburg,61e4ab6c-f7a7-47fe-8cba-58dedf666fa5
462,DIE LINKE,1,Liste,Mohamed Ali,Amira,TRUE,1980,Niedersachsen,2ed2f961-ec5d-4bbf-a995-cc2eebbf2cd3
463,DIE LINKE,2,Liste,Perli,Victor,TRUE,1982,Niedersachsen,6da6e763-5b5f-4d14-9407-e9e1571df30d
464,DIE LINKE,1,Liste,Görke,Christian,TRUE,1962,Brandenburg,80c976f3-fbe5-491a-806f-ce797f359674
465,DIE LINKE,2,Liste,Domscheit-Berg,Anke,TRUE,1968,Brandenburg,7cd44199-d3fa-4f4f-9172-d6cd8c0e4a63
466,DIE LINKE,1,Liste,Korte,Jan,TRUE,1977,Sachsen-Anhalt,44c6b447-6ae2-4009-a0dc-40d57df37fea
467,DIE LINKE,2,Liste,Sitte,Petra,TRUE,1960,Sachsen-Anhalt,d19da33d-0036-4245-9cb3-45ec67abe99f
468,DIE LINKE,,Direkt,Gysi,Gregor,TRUE,1948,Berlin-Treptow-Köpenick,941a7ba7-ffdd-4637-b1a5-014fba8af7fc
469,DIE LINKE,,Direkt,Lötzsch,Gesine,TRUE,1961,Berlin-Lichtenberg,855bdd2b-532a-41f5-911c-37a660cf298f
470,DIE LINKE,1,Liste,Pau,Petra,TRUE,1963,Berlin,ed8e704e-9278-4b63-a27b-4b9be195089a
471,DIE LINKE,1,Liste,Wagenknecht,Sahra,TRUE,1969,Nordrhein-Westfalen,6893ff59-3f3e-4abb-b1b2-9a2226ddcec5
472,DIE LINKE,2,Liste,Birkwald,Matthias,TRUE,1961,Nordrhein-Westfalen,60524e1a-2441-4dee-93e1-7eeaec3ac7d4
473,DIE LINKE,3,Liste,Dağdelen,Sevim,TRUE,1975,Nordrhein-Westfalen,af62b14d-f4b1-44eb-b404-b470ffacb997
474,DIE LINKE,4,Liste,Hunko,Andrej,TRUE,1963,Nordrhein-Westfalen,02759a43-f8ea-4640-b29d-1757826f4ee5
475,DIE LINKE,5,Liste,Vogler,Kathrin,TRUE,1963,Nordrhein-Westfalen,04675a82-b592-4c97-869f-d721a87f89fb
476,DIE LINKE,6,Liste,Leye,Christian,TRUE,1981,Nordrhein-Westfalen,4398898d-3d5a-47a9-bab7-9b22489311af
477,DIE LINKE,,Direkt,Pellmann,Sören,TRUE,1977,Leipzig II,9546c773-ed9e-45af-bd84-05895d2ce380
478,DIE LINKE,1,Liste,Kipping,Katja,TRUE,1978,Sachsen,34cca3c0-a91a-4c70-a9a4-de2d20923cb8
479,DIE LINKE,3,Liste,Lay,Caren,TRUE,1972,Sachsen,dca54887-0754-49f5-a804-cfa8b1587d99
480,DIE LINKE,4,Liste,Hahn,André,TRUE,1963,Sachsen,353fed3c-c1af-42ef-b743-03044a8135a9
481,DIE LINKE,1,Liste,Wißler,Janine,TRUE,1981,Hessen,bb462137-ee43-42a2-bc25-82a78477cd46
482,DIE LINKE,2,Liste,Al-Dailami,Ali,TRUE,1981,Hessen,7b8da4aa-a3e7-4c52-a721-31e034eef578
483,DIE LINKE,1,Liste,Hennig-Wellsow,Susanne,TRUE,1977,Thüringen,71ba5975-367d-462d-8185-b4b60a969d91
484,DIE LINKE,2,Liste,Lenkert,Ralph,TRUE,1967,Thüringen,ee02d4de-c62e-43e9-9cfb-c2e7fa7a5ab9
485,DIE LINKE,1,Liste,Ulrich,Alexander,TRUE,1971,Rheinland-Pfalz,b7186469-861a-4b4e-b76d-7793dea3c81f
486,DIE LINKE,1,Liste,Gohlke,Nicole,TRUE,1975,Bayern,13ae8d91-393b-4173-addd-b1cc33b99192
487,DIE LINKE,2,Liste,Ernst,Klaus,TRUE,1954,Bayern,f1e63cda-516c-4899-b9f2-0353f9e6fdfe
488,DIE LINKE,3,Liste,Ferschl,Susanne,TRUE,1973,Bayern,be6250de-8662-498f-a5fb-32659adcce18
489,DIE LINKE,1,Liste,Riexinger,Bernd,TRUE,1955,Baden-Württemberg,87bb5398-02fd-44df-ba2e-85142dd65ecc
490,DIE LINKE,2,Liste,Akbulut,Gökay,TRUE,1982,Baden-Württemberg,2e66cecd-9eb5-475f-9eed-35264ef30db0
491,DIE LINKE,3,Liste,Tatti,Jessica,TRUE,1981,Baden-Württemberg,8c4f0d4f-80c2-4c82-b119-f3e90d0aad4e
492,GRÜNE,,Direkt,Habeck,Robert,TRUE,1969,Flensburg – Schleswig,68defa84-e3da-49aa-a834-89287d4195af
493,GRÜNE,1,Liste,Amtsberg,Luise,TRUE,1984,Schleswig-Holstein,fa27d193-6b0d-469d-bf77-59453c870281
494,GRÜNE,3,Liste,Nestle,Ingrid,TRUE,1977,Schleswig-Holstein,0be32b3b-9557-4188-bc56-953d49d749be
495,GRÜNE,4,Liste,von Notz,Konstantin,TRUE,1971,Schleswig-Holstein,809c68a4-7461-4c0d-ac5d-bedfa4c6ab06
496,GRÜNE,5,Liste,Loop,Denise,TRUE,1994,Schleswig-Holstein,d665ef14-77c8-480e-b40c-3372d5fa0555
497,GRÜNE,1,Liste,Müller,Claudia,TRUE,1981,Mecklenburg-Vorpommern,d7cb0d02-efc7-4a73-ad57-70149204dfed
498,GRÜNE,,Direkt,Steffen,Till,TRUE,1973,Hamburg-Eimsbüttel,75e8f4c4-5ed2-4816-a47f-00a485a786de
499,GRÜNE,,Direkt,Heitmann,Linda,TRUE,1982,Hamburg-Altona,d26746ac-6b80-4fcc-9a6f-38b7dbc46a60
500,GRÜNE,1,Liste,Beck,Katharina,TRUE,1982,Hamburg,240cb66d-b74a-4872-9c18-d597b179fdc1
501,GRÜNE,3,Liste,Fester,Emilia,TRUE,1998,Hamburg,188465fd-ceb6-4a0f-b231-05787fdac9aa
502,GRÜNE,1,Liste,Polat,Filiz,TRUE,1978,Niedersachsen,4cba68c9-3e12-4016-9ebe-60e7afb78941
503,GRÜNE,2,Liste,Kindler,Sven-Christian,TRUE,1985,Niedersachsen,915265ee-d2b6-4147-bfd5-1c67344bf7b9
504,GRÜNE,3,Liste,Schröder,Christina-Johanne,TRUE,1983,Niedersachsen,dd12d3b2-0324-4719-ba20-3afe63f5545b
505,GRÜNE,4,Liste,Trittin,Jürgen,TRUE,1954,Niedersachsen,df9e4f10-befd-492f-aab1-02008a8cf6e5
506,GRÜNE,5,Liste,Verlinden,Julia,TRUE,1979,Niedersachsen,e46639b8-5796-432d-8ad6-66809a4faadf
507,GRÜNE,6,Liste,Bsirske,Frank,TRUE,1952,Niedersachsen,23c3b89b-cf2d-4080-9bfe-be146b3bbe2c
508,GRÜNE,7,Liste,Keul,Katja,TRUE,1969,Niedersachsen,4b157409-1e14-4307-a8fd-2c48c83188f0
509,GRÜNE,8,Liste,Limburg,Helge,TRUE,1982,Niedersachsen,5dbe29f8-249f-457e-8aff-3bcc8343254b
510,GRÜNE,9,Liste,Otte,Karoline,TRUE,1996,Niedersachsen,c16490f8-f585-4f1e-a5d6-bd712e3f46cd
511,GRÜNE,10,Liste,Wenzel,Peer,TRUE,1962,Niedersachsen,ef89bd10-af91-4f30-b4ab-75083100b02b
512,GRÜNE,11,Liste,Michaelsen,Swantje,TRUE,1979,Niedersachsen,b8a2c862-9827-488f-9b91-03e5368ae525
513,GRÜNE,1,Liste,Kappert-Gonther,Kirsten,TRUE,1966,Bremen,26b15ee4-a589-4476-84a1-e75808dc9087
514,GRÜNE,1,Liste,Baerbock,Annalena,TRUE,1980,Brandenburg,699ce19f-4754-48c1-860a-99dacdb9f36f
515,GRÜNE,2,Liste,Kellner,Michael,TRUE,1977,Brandenburg,ada7a808-a6de-49a4-98cf-87c6e4486c45
516,GRÜNE,1,Liste,Lemke,Steffi,TRUE,1968,Sachsen-Anhalt,52562dc2-dfd8-44fb-a4d6-c3e174b21508
517,GRÜNE,,Direkt,Bayram,Canan,TRUE,1966,Berlin-Friedrichshain-Kreuzberg – Prenzlauer Berg Ost,388c58a4-1b70-43a5-9317-0b1b308b86b5
518,GRÜNE,,Direkt,Steinmüller,Hanna,TRUE,1993,Berlin-Mitte,c5ac1cf3-53bb-4c97-9db7-691f819901e7
519,GRÜNE,,Direkt,Gelbhaar,Stefan,TRUE,1976,Berlin-Pankow,3cdcb9e3-3095-417f-ae1f-94c720b11dc8
520,GRÜNE,1,Liste,Paus,Elisabeth,TRUE,1968,Berlin,f71ff229-9c31-4639-aace-654d2d34da0b
521,GRÜNE,3,Liste,Künast,Renate,TRUE,1955,Berlin,6cdaee20-9c45-4f00-b254-8f97511f5500
522,GRÜNE,,Direkt,Lehmann,Sven,TRUE,1979,Köln II,4e2f3638-7059-48b9-88ee-61f0e50a65b3
523,GRÜNE,,Direkt,Klein-Schmeink,Maria,TRUE,1958,Münster,3cca9f23-0159-484b-bc42-10cfd7845062
524,GRÜNE,,Direkt,Krischer,Oliver,TRUE,1969,Aachen I,d78b5edc-ba8a-45ac-a7f6-e5c1f369895c
525,GRÜNE,,Direkt,Uhlig,Katrin,TRUE,1982,Bonn,f72a5f3e-f221-4a7f-beab-d1eda04093eb
526,GRÜNE,1,Liste,Haßelmann,Britta,TRUE,1961,Nordrhein-Westfalen,e00d887a-8c16-456c-ae8e-2ed74350648d
527,GRÜNE,3,Liste,Mihalic,Irene,TRUE,1976,Nordrhein-Westfalen,a7effa5b-60a3-466a-808d-dacf360ffa53
528,GRÜNE,5,Liste,Dröge,Katharina,TRUE,1984,Nordrhein-Westfalen,30d3b913-3913-42d1-a499-e0f318d1937d
529,GRÜNE,6,Liste,Banaszak,Felix,TRUE,1989,Nordrhein-Westfalen,f30f10cf-b1df-44b5-92dd-48c9f695c450
530,GRÜNE,8,Liste,Gesenhues,Jan-Niclas,TRUE,1990,Nordrhein-Westfalen,99b69d30-2323-43e3-a4c0-5a7ae2eb59ae
531,GRÜNE,9,Liste,Schauws,Ursula,TRUE,1966,Nordrhein-Westfalen,59fa94ae-5737-435a-a11a-477d6ae0c0a6
532,GRÜNE,10,Liste,Wagener,Robin,TRUE,1980,Nordrhein-Westfalen,44fc1234-25d3-49ad-b81a-ad28e0796df8
533,GRÜNE,11,Liste,Slawik,Nyke,TRUE,1994,Nordrhein-Westfalen,4a9bf145-dc04-419f-a244-c3b794b55757
534,GRÜNE,12,Liste,Kaddor,Lamya,TRUE,1978,Nordrhein-Westfalen,c4bb199e-fb41-4296-ab5b-55c97610297d
535,GRÜNE,13,Liste,Nick,Ophelia,TRUE,1973,Nordrhein-Westfalen,00dbf747-add1-4e6f-bf5f-91afab53f879
536,GRÜNE,14,Liste,Lucks,Max,TRUE,1997,Nordrhein-Westfalen,04d3d272-4089-44a6-91fc-5e884180dac1
537,GRÜNE,16,Liste,Gehring,Kai,TRUE,1977,Nordrhein-Westfalen,b5ac1e46-4ad0-46a1-84b4-4941c6435abf
538,GRÜNE,17,Liste,Nanni,Sara,TRUE,1987,Nordrhein-Westfalen,cebba482-4da9-478d-a33d-0cfd849d3540
539,GRÜNE,18,Liste,Außendorf,Maik,TRUE,1971,Nordrhein-Westfalen,78ed6596-0919-4094-8d23-55aa545e16de
540,GRÜNE,19,Liste,Gambir,Schahina,TRUE,1991,Nordrhein-Westfalen,6b88cd2d-a566-47f1-b9a2-d1b4b06b68da
541,GRÜNE,20,Liste,Henneberger,Kathrin,TRUE,1987,Nordrhein-Westfalen,17ad1f20-c298-48f2-95d8-94683252a068
542,GRÜNE,21,Liste,Spallek,Anne,TRUE,1968,Nordrhein-Westfalen,2ae7660c-9c9c-4f5b-bb31-5edf03ca3977
543,GRÜNE,22,Liste,Kurth,Markus,TRUE,1966,Nordrhein-Westfalen,177522c6-1a0e-4e94-a376-53153ccfff19
544,GRÜNE,23,Liste,Kraft,Laura,TRUE,1990,Nordrhein-Westfalen,b7c57159-ced5-404a-ab3a-3a43fa7e36be
545,GRÜNE,24,Liste,Dahmen,Janosch,TRUE,1981,Nordrhein-Westfalen,33a3a61d-0d41-466b-987a-b94eb31fc3f9
546,GRÜNE,1,Liste,Piechotta,Paula,TRUE,1986,Sachsen,c7319b35-efd9-494c-92db-4f4dc74fb1ea
547,GRÜNE,2,Liste,Herrmann,Bernhard,TRUE,1966,Sachsen,56acc53d-57dc-4c1f-989d-0bf56de3ec9d
548,GRÜNE,3,Liste,Spellerberg,Merle,TRUE,1996,Sachsen,57a8b1ad-f4ad-43e6-b729-1c9362407a0d
549,GRÜNE,,Direkt,Nouripour,Omid,TRUE,1975,Frankfurt am Main II,0ae4753f-8f5a-4f25-8609-2667a945275d
550,GRÜNE,1,Liste,Hoffmann,Bettina,TRUE,1960,Hessen,a98bde93-8671-44ab-8152-150baaa6113b
551,GRÜNE,3,Liste,Schulz-Asche,Kordula,TRUE,1956,Hessen,e4f5ea99-fe28-4db9-a05c-e2477398d87f
552,GRÜNE,4,Liste,Strengmann-Kuhn,Wolfgang,TRUE,1964,Hessen,379d95d3-5438-4d65-9819-29fcbfa539dc
553,GRÜNE,5,Liste,Lührmann,Anna,TRUE,1983,Hessen,76feabde-4c58-4f7b-8aaf-022a344fefe3
554,GRÜNE,6,Liste,Krämer,Philip,TRUE,1992,Hessen,1969456f-14f0-494a-b717-4e4afdb8a255
555,GRÜNE,7,Liste,Düring,Deborah,TRUE,1994,Hessen,e4d0f1f0-0489-4780-88d7-52d900579589
556,GRÜNE,8,Liste,Mijatović,Boris,TRUE,1974,Hessen,7b5efad3-d0db-4186-acfa-dac1e89acb6e
557,GRÜNE,1,Liste,Göring-Eckardt,Katrin,TRUE,1966,Thüringen,1b1417d9-3108-45bc-9489-884c8cf25374
558,GRÜNE,1,Liste,Rößner,Tabea,TRUE,1966,Rheinland-Pfalz,e8d6137b-655e-49ed-9eba-0a0ca706932c
559,GRÜNE,2,Liste,Lindner,Tobias,TRUE,1982,Rheinland-Pfalz,8c0789d0-c065-40d6-b52d-a96a19fa898c
560,GRÜNE,3,Liste,Rüffer,Corinna,TRUE,1975,Rheinland-Pfalz,6296c4ee-8dca-4780-ae14-cf382a5a2717
561,GRÜNE,4,Liste,Grau,Armin,TRUE,1959,Rheinland-Pfalz,f406f67e-0d42-4447-ac85-6ada48993f1c
562,GRÜNE,,Direkt,Schäfer,Jamila,TRUE,1993,München-Süd,04b21413-ff50-4b7c-848d-e7a17aec0e64
563,GRÜNE,1,Liste,Roth,Claudia,TRUE,1955,Bayern,78941298-ba7f-4ef8-9109-e54f66ceb702
564,GRÜNE,2,Liste,Hofreiter,Anton,TRUE,1970,Bayern,5afc5643-3175-4038-9d17-74606b22cda0
565,GRÜNE,3,Liste,Deligöz,Ekin,TRUE,1971,Bayern,000eb1b8-dc5b-4327-a9bd-2721c5c88104
566,GRÜNE,4,Liste,Janecek,Dieter,TRUE,1976,Bayern,82cf3d96-77ac-4619-b80a-bb12dc28585c
567,GRÜNE,5,Liste,Rottmann,Manuela,TRUE,1972,Bayern,8aa95ed2-0b32-4ac7-b02d-291af49906fc
568,GRÜNE,6,Liste,Müller,Sascha,TRUE,1970,Bayern,c8e13342-9359-49ad-8259-e1ab98392aba
569,GRÜNE,8,Liste,Grundl,Erhard,TRUE,1963,Bayern,cc67f17d-2629-48d7-bec1-77039e7809ca
570,GRÜNE,9,Liste,Badum,Lisa,TRUE,1983,Bayern,f7522b26-8dad-492a-a0b8-c7df36a2010f
571,GRÜNE,10,Liste,Schmidt,Stefan,TRUE,1981,Bayern,b4c8fdea-539e-419d-be7b-a92b63a327e7
572,GRÜNE,11,Liste,Weishaupt,Saskia,TRUE,1993,Bayern,90c435dd-bffa-481b-89d5-afbd1279d76d
573,GRÜNE,12,Liste,Bär,Karl,TRUE,1985,Bayern,7b74bd53-3101-4ede-ab88-ed46cd1e0ad1
574,GRÜNE,13,Liste,Ganserer,Markus,TRUE,1977,Bayern,bfa15a3f-8578-4249-adcf-7e3d2fa8a1d5
575,GRÜNE,14,Liste,Wagener,Niklas,TRUE,1998,Bayern,f7d17c72-b541-4907-9b94-8528ff387d59
576,GRÜNE,15,Liste,Schönberger,Marlene,TRUE,1990,Bayern,89f6a103-2fc3-4cdc-a057-7c07dd9dcef9
577,GRÜNE,16,Liste,Wagner,Johannes,TRUE,1991,Bayern,18fa46f3-a4fb-46c5-9ea3-4a4089b4325b
578,GRÜNE,,Direkt,Özdemir,Cem,TRUE,1965,Stuttgart I,fe354ff4-fc8e-43f9-b818-df8c3f78aaa0
579,GRÜNE,,Direkt,Brantner,Franziska,TRUE,1979,Heidelberg,5d09a54f-4a39-42d0-9b35-3d6d89b9314b
580,GRÜNE,,Direkt,Mayer,Zoe,TRUE,1995,Karlsruhe-Stadt,b0bb1435-af11-49de-a41c-720149d5262f
581,GRÜNE,,Direkt,Kopf,Chantal,TRUE,1995,Freiburg,f094bc9b-aa58-4f4b-a6d9-47d2d2de83b6
582,GRÜNE,3,Liste,Brugger,Agnieszka,TRUE,1985,Baden-Württemberg,1d85d982-c862-4d1d-adb9-107d666740cc
583,GRÜNE,4,Liste,Kühn,Christian,TRUE,1979,Baden-Württemberg,a572e8dd-dc39-4e53-adac-050c201a4b96
584,GRÜNE,5,Liste,Detzer,Sandra,TRUE,1980,Baden-Württemberg,5cfef7fe-bcc1-4a52-9ea7-454e95a3b13e
585,GRÜNE,6,Liste,Müller-Gemmeke,Beate,TRUE,1960,Baden-Württemberg,8839d2e9-f889-415f-8bc7-edeb5b1d03dc
586,GRÜNE,7,Liste,Ebner,Harald,TRUE,1964,Baden-Württemberg,87ea37f4-1bf8-4acd-a6ba-c1550e6fbcad
587,GRÜNE,8,Liste,Christmann,Anna,TRUE,1983,Baden-Württemberg,4d1e97b6-6196-4c33-8879-0a046b01fc77
588,GRÜNE,9,Liste,Gastel,Matthias,TRUE,1970,Baden-Württemberg,bf8632b1-5e77-4f30-90c3-a46465e9eead
589,GRÜNE,10,Liste,Lang,Ricarda,TRUE,1994,Baden-Württemberg,9a390876-986a-428e-8883-e75a39ee047b
590,GRÜNE,11,Liste,Emmerich,Marcel,TRUE,1991,Baden-Württemberg,66ddb03b-6455-4a9c-8fda-a0dfb35b170a
591,GRÜNE,13,Liste,Bacherle,Tobias,TRUE,1994,Baden-Württemberg,03a0be5f-83fc-4227-b2a9-d12a9d7d6890
592,GRÜNE,15,Liste,Aeffner,Stephanie,TRUE,1976,Baden-Württemberg,22e9307d-df71-4eb2-a6c4-7daffee8204f
593,CSU,,Direkt,Zeulner,Emmi,TRUE,1987,Kulmbach,338202ed-e5b9-4e3d-a3cc-22f59be063a4
594,CSU,,Direkt,Brandl,Reinhard,TRUE,1977,Ingolstadt,78b961fc-95f2-41bf-bc20-fb0bafa94e61
595,CSU,,Direkt,Rainer,Alois,TRUE,1965,Straubing,0f2edafb-c3d9-4e0f-9c49-ff980eadd214
596,CSU,,Direkt,Mayer,Stephan,TRUE,1973,Altötting,c4a67281-064f-4edc-b754-dbce4d41fdcd
597,CSU,,Direkt,Launert,Silke,TRUE,1976,Bayreuth,6f221392-2246-4de5-b4c5-7853d32ecb7c
598,CSU,,Direkt,Lenz,Andreas,TRUE,1981,Erding – Ebersberg,62981591-8b51-49db-85fa-96ea3517220c
599,CSU,,Direkt,Dobrindt,Alexander,TRUE,1970,Weilheim,25ca8e5e-18d5-431e-8fdb-5c5b32920d2e
600,CSU,,Direkt,Radwan,Alexander,TRUE,1964,Bad Tölz-Wolfratshausen – Miesbach,42b7414f-3e4d-4a15-88ce-8c8e8b47b37d
601,CSU,,Direkt,Friedrich,Hans-Peter,TRUE,1957,Hof,570889a8-919c-4cd7-9a8d-e90905f8946c
602,CSU,,Direkt,Lange,Ulrich,TRUE,1969,Donau-Ries,fd973698-9227-498c-b0ff-ba40eca6eb97
603,CSU,,Direkt,Weisgerber,Anja,TRUE,1976,Schweinfurt,e87fe616-f861-4b14-a2e2-6841c2240cfd
604,CSU,,Direkt,Lindholz,Andrea,TRUE,1970,Aschaffenburg,19809ccb-97c1-457b-a1e7-c1b24243dc9e
605,CSU,,Direkt,Durz,Hansjörg,TRUE,1971,Augsburg-Land,1b2f953f-71a0-4a26-b732-8aae21f6091f
606,CSU,,Direkt,Hierl,Susanne,TRUE,1973,Amberg,6f960075-41e1-4fd4-91dd-a1132426e9ae
607,CSU,,Direkt,Hahn,Florian,TRUE,1974,München-Land,54e1032d-a15c-49d0-99fe-fbe75a92c725
608,CSU,,Direkt,Bär,Dorothee,TRUE,1978,Bad Kissingen,67a78a89-53d7-47be-8294-c39a6f6f59d7
609,CSU,,Direkt,Stracke,Stephan,TRUE,1974,Ostallgäu,b5d99861-e33c-4676-a243-cc1e5942d927
610,CSU,,Direkt,Hoffmann,Alexander,TRUE,1975,Main-Spessart,5adc4b38-fbb7-43e9-b691-ad37458befd3
611,CSU,,Direkt,Rupprecht,Albert,TRUE,1968,Weiden,0580d03f-febc-4198-8dba-79d5a751148e
612,CSU,,Direkt,Auernhammer,Artur,TRUE,1963,Ansbach,de5330b7-ec36-4868-a3a3-b08e6270bb27
613,CSU,,Direkt,Kießling,Michael,TRUE,1973,Starnberg – Landsberg am Lech,0304ca84-b0e6-48a4-80a3-0054a2ca6907
614,CSU,,Direkt,Staffler,Katrin,TRUE,1981,Fürstenfeldbruck,3576d607-80d1-4b0e-a5da-832d123ba274
615,CSU,,Direkt,Edelhäußer,Ralph,TRUE,1973,Roth,0a161b59-cbd6-40ac-a822-1797980fe2e6
616,CSU,,Direkt,Erndl,Thomas,TRUE,1974,Deggendorf,8d109d00-50c5-4d03-beae-72d918627d43
617,CSU,,Direkt,Engelhard,Alexander,TRUE,1972,Neu-Ulm,60049ab9-70ea-4fa7-9101-f4289941d447
618,CSU,,Direkt,Silberhorn,Thomas,TRUE,1968,Bamberg,fbc3e93d-38a0-417e-9604-83ecd59d33ab
619,CSU,,Direkt,Lehrieder,Paul,TRUE,1959,Würzburg,0e699c83-d36e-449e-9fca-012d08a30ebf
620,CSU,,Direkt,Ramsauer,Peter,TRUE,1954,Traunstein,a5647c87-5254-466b-ab90-2300e33f7dac
621,CSU,,Direkt,Geissler,Jonas,TRUE,1984,Coburg,43ae14f9-4b87-4057-aab1-4d49e68c7505
622,CSU,,Direkt,Oßner,Florian,TRUE,1980,Landshut,d1e6357e-ea26-4fa2-886d-e266511aab45
623,CSU,,Direkt,Irlstorfer,Erich,TRUE,1970,Freising,6b5117af-c060-4712-b646-68fd3ae8a9a2
624,CSU,,Direkt,Ludwig,Daniela,TRUE,1975,Rosenheim,7d3ac1e0-6c7b-4229-9ece-70390e4a7406
625,CSU,,Direkt,Aumer,Peter,TRUE,1976,Regensburg,e3fc5b87-e6c2-4105-8099-61fbddb38c04
626,CSU,,Direkt,Straubinger,Max,TRUE,1954,Rottal-Inn,dfe3ddba-9805-41b8-975c-b7a8fa16d6dc
627,CSU,,Direkt,Englhardt-Kopf,Martina,TRUE,1981,Schwandorf,835364f7-f0f1-4f0a-b850-b3c07c4828d4
628,CSU,,Direkt,Müller,Stefan,TRUE,1975,Erlangen,f32e86d4-578b-4e33-8ee0-80a6a35ef1a8
629,SSW,1,Liste,Seidler,Stefan,TRUE,1979,Schleswig-Holstein,70a54b1c-035f-444c-81d5-ba6c41e279d0
