,Name,Geburtsjahr,Partei,Gewählt,Kandidierte auch,Platz
0,"Abdi, Sanae",1986,SPD,"Wahlkreis 093 (27,9 %)",Land Nordrhein-Westfalen,
1,"Abel, Valentin Christian",1991,FDP,Land Baden-Württemberg,Wahlkreis 268,
2,"Abraham, Knut Friedrich Alexander",1966,CDU,Land Brandenburg,Wahlkreis 065,
3,"Adler, Katja",1974,FDP,Land Hessen,Wahlkreis 176,
4,"Aeffner, Stephanie",1976,GRÜNE,Land Baden-Württemberg,Wahlkreis 279,
5,"Ahmetovic, Adis",1993,SPD,"Wahlkreis 041 (34,9 %)",Land Niedersachsen,
6,"Akbulut, Gökay",1982,DIE LINKE,Land Baden-Württemberg,Wahlkreis 275,
7,"Alabali-Radovan, Reem",1990,SPD,"Wahlkreis 012 (29,4 %)",Land Mecklenburg-Vorpommern,
8,"Albani, Stephan Theodor Johannes",1968,CDU,Land Niedersachsen,Wahlkreis 027,
9,"Al-Dailami, Ali Abass Yahya",1981,DIE LINKE,Land Hessen,Wahlkreis 173,
10,"Al-Halak, Muhanad",1989,FDP,Land Bayern,Wahlkreis 227,
11,"Alt, Renata",1965,FDP,Land Baden-Württemberg,Wahlkreis 262,
12,"Altenkamp, Norbert Maria",1972,CDU,"Wahlkreis 181 (33,3 %)",Land Hessen,
13,"Altmaier, Peter (Mandat abgelehnt)",1958,CDU,Land Saarland,Wahlkreis 297,
14,"Amthor, Philipp",1992,CDU,Land Mecklenburg-Vorpommern,Wahlkreis 016,
15,"Amtsberg, Luise",1984,GRÜNE,Land Schleswig-Holstein,Wahlkreis 005,
16,"Andres, Dagmar",1969,SPD,Land Nordrhein-Westfalen,Wahlkreis 092,
17,"Annen, Niels",1973,SPD,Land Hamburg,Wahlkreis 020,
18,"Arlt, Johannes",1984,SPD,"Wahlkreis 017 (31,1 %)",Land Mecklenburg-Vorpommern,
19,"Aschenberg-Dugnus, Christine Irene",1959,FDP,Land Schleswig-Holstein,Wahlkreis 004,
20,"Audretsch, Andreas",1984,GRÜNE,Land Berlin,Wahlkreis 082,
21,"Auernhammer, Artur",1963,CSU,"Wahlkreis 241 (38,4 %)",,
22,"Aumer, Peter",1976,CSU,"Wahlkreis 233 (35,3 %)",,
23,"Außendorf, Maik",1971,GRÜNE,Land Nordrhein-Westfalen,Wahlkreis 100,
24,"Bacherle, Tobias Björn",1994,GRÜNE,Land Baden-Württemberg,Wahlkreis 260,
25,"Bachmann, Carolin",1988,AfD,"Wahlkreis 161 (33,4 %)",,
26,"Badum, Lisa Hildegard",1983,GRÜNE,Land Bayern,Wahlkreis 236,
27,"Baehrens, Heike Charlotte",1955,SPD,Land Baden-Württemberg,Wahlkreis 263,
28,"Baerbock, Annalena Charlotte Alma",1980,GRÜNE,Land Brandenburg,Wahlkreis 061,
29,"Bahr, Ulrike Renate Martina",1964,SPD,Land Bayern,Wahlkreis 252,
30,"Baldy, Daniel",1994,SPD,"Wahlkreis 205 (24,9 %)",Land Rheinland-Pfalz,
31,"Banaszak, Felix",1989,GRÜNE,Land Nordrhein-Westfalen,Wahlkreis 116,
32,"Bär, Dorothee Gisela Renate Maria",1978,CSU,"Wahlkreis 248 (39,1 %)",Land Bayern,
33,"Bär, Karl",1985,GRÜNE,Land Bayern,Wahlkreis 223,
34,"Baradari, Nezahat",1965,SPD,Land Nordrhein-Westfalen,Wahlkreis 149,
35,"Bareiß, Thomas",1975,CDU,"Wahlkreis 295 (30,1 %)",,
36,"Bartol, Sören",1974,SPD,"Wahlkreis 171 (36,9 %)",Land Hessen,
37,"Dr. Bartsch, Dietmar Gerhard",1958,DIE LINKE,Land Mecklenburg-Vorpommern,Wahlkreis 014,
38,"Bas, Bärbel",1968,SPD,"Wahlkreis 115 (40,3 %)",Land Nordrhein-Westfalen,
39,"Bauer, Nicole Anna Elisabeth",1987,FDP,Land Bayern,Wahlkreis 228,
40,"Dr. Baum, Christina",1956,AfD,Land Baden-Württemberg,Wahlkreis 276,
41,"Dr. Baumann, Bernd",1958,AfD,Land Hamburg,Wahlkreis 019,
42,"Bayram, Canan",1966,GRÜNE,"Wahlkreis 083 (37,8 %)",,
43,"Beck, Katharina Barbara Maria",1982,GRÜNE,Land Hamburg,Wahlkreis 021,
44,"Beckamp, Roger Friedrich Nikolaus",1975,AfD,Land Nordrhein-Westfalen,Wahlkreis 098,
45,"Dr. Becker, Holger",1964,SPD,"Wahlkreis 191 (20,1 %)",Land Thüringen,
46,"Beeck, Jens",1969,FDP,Land Niedersachsen,Wahlkreis 031,
47,"in der Beek, Olaf Karl Wilhelm",1967,FDP,Land Nordrhein-Westfalen,Wahlkreis 140,
48,"Benner, Lukas",1996,GRÜNE,Land Nordrhein-Westfalen,Wahlkreis 088,
49,"Berghahn, Jürgen",1960,SPD,"Wahlkreis 135 (30,7 %)",Land Nordrhein-Westfalen,
50,"Dr. Berghegger, André (Mandat verzichtet)",1972,CDU,"Wahlkreis 038 (36,2 %)",Land Niedersachsen,
51,"Bergt, Bengt Axel",1982,SPD,"Wahlkreis 008 (32,0 %)",Land Schleswig-Holstein,
52,"Bernhard, Marc Albert",1972,AfD,Land Baden-Württemberg,Wahlkreis 271,
53,"Beyer, Peter",1970,CDU,"Wahlkreis 105 (31,3 %)",Land Nordrhein-Westfalen,
54,"Biadacz, Marc Josef",1979,CDU,"Wahlkreis 260 (29,7 %)",,
55,"Bilger, Steffen Rudi",1979,CDU,"Wahlkreis 265 (29,5 %)",Land Baden-Württemberg,
56,"Birkwald, Matthias Walter",1961,DIE LINKE,Land Nordrhein-Westfalen,Wahlkreis 094,
57,"Blankenburg, Jakob",1997,SPD,"Wahlkreis 037 (28,2 %)",Land Niedersachsen,
58,"Bleck, Andreas",1988,AfD,Land Rheinland-Pfalz,Wahlkreis 197,
59,"Bochmann, René",1969,AfD,"Wahlkreis 151 (27,8 %)",Land Sachsen,
60,"Bodtke, Ingo",1965,FDP,Land Sachsen-Anhalt,Wahlkreis 074,
61,"Boehringer, Peter Christian Pascal",1969,AfD,Land Bayern,Wahlkreis 232,
62,"Boginski, Friedhelm Günter",1955,FDP,Land Brandenburg,Wahlkreis 057,
63,"Bollmann, Gereon",1953,AfD,Land Schleswig-Holstein,Wahlkreis 004,
64,"Borchardt, Simone",1967,CDU,Land Mecklenburg-Vorpommern,Wahlkreis 013,
65,"Brand, Michael Karl",1973,CDU,"Wahlkreis 174 (38,1 %)",Land Hessen,
66,"Dr. Brandenburg, Jens",1986,FDP,Land Baden-Württemberg,Wahlkreis 277,
67,"Brandenburg, Mario",1983,FDP,Land Rheinland-Pfalz,,
68,"Brandes, Dirk",1974,AfD,Land Niedersachsen,Wahlkreis 047,
69,"Dr. Brandl, Reinhard",1977,CSU,"Wahlkreis 216 (44,9 %)",,
70,"Brandner, Stephan Günther",1966,AfD,"Wahlkreis 194 (29,0 %)",Land Thüringen,
71,"Dr. Brantner, Franziska Katharina",1979,GRÜNE,"Wahlkreis 274 (30,2 %)",Land Baden-Württemberg,
72,"Dr. Braun, Helge Reinhold",1972,CDU,Land Hessen,Wahlkreis 173,
73,"Braun, Jürgen Friedrich",1961,AfD,Land Baden-Württemberg,Wahlkreis 264,
74,"Breher, Silvia Maria",1973,CDU,"Wahlkreis 032 (49,1 %)",Land Niedersachsen,
75,"Brehm, Sebastian",1971,CSU,"Wahlkreis 244 (28,5 %)",Land Bayern,
76,"Brehmer, Heike Martina",1962,CDU,"Wahlkreis 068 (27,7 %)",Land Sachsen-Anhalt,
77,"Breilmann, Michael",1983,CDU,Land Nordrhein-Westfalen,Wahlkreis 121,
78,"Breymaier, Leni",1960,SPD,Land Baden-Württemberg,Wahlkreis 270,
79,"Brinkhaus, Ralph",1968,CDU,"Wahlkreis 131 (40,0 %)",Land Nordrhein-Westfalen,
80,"Dr. Brodesser, Carsten",1967,CDU,"Wahlkreis 099 (33,9 %)",Land Nordrhein-Westfalen,
81,"Dr. Bröhr, Marlon",1974,CDU,"Wahlkreis 200 (34,3 %)",Land Rheinland-Pfalz,
82,"Brugger, Agnes Monika",1985,GRÜNE,Land Baden-Württemberg,Wahlkreis 294,
83,"Bsirske, Frank",1952,GRÜNE,Land Niedersachsen,Wahlkreis 051,
84,"Bubendorfer-Licht, Sandra",1969,FDP,Land Bayern,Wahlkreis 212,
85,"Buchholz, Christine",1971,DIE LINKE,Land Hessen,Wahlkreis 185,
86,"Budde, Katrin",1965,SPD,Land Sachsen-Anhalt,Wahlkreis 074,
87,"Bühl, Marcus",1977,AfD,"Wahlkreis 192 (26,5 %)",Land Thüringen,
88,"Bury, Yannick",1990,CDU,"Wahlkreis 283 (27,8 %)",,
89,"Dr. Buschmann, Marco",1977,FDP,Land Nordrhein-Westfalen,Wahlkreis 123,
90,"Busen, Karlheinz",1951,FDP,Land Nordrhein-Westfalen,Wahlkreis 126,
91,"Bystron, Petr",1972,AfD,Land Bayern,Wahlkreis 217,
92,"Dagdelen, Sevim",1975,DIE LINKE,Land Nordrhein-Westfalen,Wahlkreis 140,
93,"Dr. Dahmen, Janosch",1981,GRÜNE,Land Nordrhein-Westfalen,Wahlkreis 138,
94,"Daldrup, Bernhard",1956,SPD,Land Nordrhein-Westfalen,Wahlkreis 130,
95,"Damerow, Astrid",1958,CDU,"Wahlkreis 002 (30,4 %)",Land Schleswig-Holstein,
96,"Deligöz, Ekin",1971,GRÜNE,Land Bayern,Wahlkreis 255,
97,"Demir, Hakan",1984,SPD,"Wahlkreis 082 (25,8 %)",,
98,"Dr. Detzer, Sandra",1980,GRÜNE,Land Baden-Württemberg,Wahlkreis 265,
99,"Dr. Diaby, Karamba",1961,SPD,"Wahlkreis 072 (28,8 %)",Land Sachsen-Anhalt,
100,"Diedenhofen, Martin",1995,SPD,Land Rheinland-Pfalz,Wahlkreis 197,
101,"Dieren, Jan Ulrich",1991,SPD,"Wahlkreis 114 (35,2 %)",Land Nordrhein-Westfalen,
102,"Dietz, Thomas",1967,AfD,"Wahlkreis 164 (31,7 %)",Land Sachsen,
103,"Dilcher, Esther",1965,SPD,"Wahlkreis 167 (38,0 %)",Land Hessen,
104,"Dittmar, Sabine",1964,SPD,Land Bayern,Wahlkreis 248,
105,"Djir-Sarai, Bijan",1976,FDP,Land Nordrhein-Westfalen,Wahlkreis 108,
106,"Dobrindt, Alexander",1970,CSU,"Wahlkreis 226 (41,9 %)",Land Bayern,
107,"Domscheit-Berg, Anke Margarete",1968,DIE LINKE,Land Brandenburg,Wahlkreis 058,
108,"Donth, Michael",1967,CDU,"Wahlkreis 289 (32,5 %)",,
109,"Döring, Felix Maximilian",1991,SPD,"Wahlkreis 173 (30,4 %)",Land Hessen,
110,"Dröge, Katharina",1984,GRÜNE,Land Nordrhein-Westfalen,Wahlkreis 095,
111,"Droßmann, Falko",1973,SPD,"Wahlkreis 018 (33,2 %)",,
112,"Düring, Deborah Saskia",1994,GRÜNE,Land Hessen,Wahlkreis 182,
113,"Dürr, Christian",1977,FDP,Land Niedersachsen,Wahlkreis 028,
114,"Durz, Hansjörg",1971,CSU,"Wahlkreis 253 (40,6 %)",,
115,"Ebner, Harald",1964,GRÜNE,Land Baden-Württemberg,Wahlkreis 268,
116,"Echeverria, Inaki Axel",1980,SPD,"Wahlkreis 139 (35,4 %)",Land Nordrhein-Westfalen,
117,"Eckert, Leon",1995,GRÜNE,Land Bayern,Wahlkreis 214,
118,"Edelhäußer, Ralph",1973,CSU,"Wahlkreis 246 (38,0 %)",,
119,"Ehrhorn, Thomas Ludwig Walter",1959,AfD,Land Niedersachsen,Wahlkreis 044,
120,"Eichwede, Sonja Katharina",1987,SPD,"Wahlkreis 060 (32,1 %)",Land Brandenburg,
121,"Emmerich, Marcel",1991,GRÜNE,Land Baden-Württemberg,Wahlkreis 291,
122,"Engelhard, Alexander",1972,CSU,"Wahlkreis 255 (37,2 %)",,
123,"Engelhardt, Heike",1961,SPD,Land Baden-Württemberg,Wahlkreis 294,
124,"Englhardt-Kopf, Martina",1981,CSU,"Wahlkreis 234 (35,1 %)",Land Bayern,
125,"Erndl, Thomas Maximilian",1974,CSU,"Wahlkreis 227 (37,4 %)",,
126,"Ernst, Klaus Friedrich",1954,DIE LINKE,Land Bayern,Wahlkreis 250,
127,"Dr. Esdar, Wiebke",1984,SPD,"Wahlkreis 132 (30,0 %)",Land Nordrhein-Westfalen,
128,"Esken, Saskia Christina",1961,SPD,Land Baden-Württemberg,Wahlkreis 280,
129,"Dr. Espendiller, Michael",1989,AfD,Land Nordrhein-Westfalen,Wahlkreis 126,
130,"Cademartori Dujisin, Isabel Andrea",1988,SPD,"Wahlkreis 275 (26,4 %)",Land Baden-Württemberg,
131,"Dr. Castellucci, Lars",1974,SPD,Land Baden-Württemberg,Wahlkreis 277,
132,"Dr. Christmann, Anna Maria",1983,GRÜNE,Land Baden-Württemberg,Wahlkreis 259,
133,"Chrupalla, Tino",1975,AfD,"Wahlkreis 157 (35,8 %)",Land Sachsen,
134,"Connemann, Gitta",1964,CDU,"Wahlkreis 025 (44,4 %)",Land Niedersachsen,
135,"Coße, Jürgen",1969,SPD,Land Nordrhein-Westfalen,Wahlkreis 128,
136,"Cotar, Joana Eleonora",1973,AfD,Land Hessen,Wahlkreis 183,
137,"Cronenberg, Carl-Julius",1962,FDP,Land Nordrhein-Westfalen,Wahlkreis 147,
138,"Dr. Curio, Gottfried",1960,AfD,Land Berlin,,
139,"Czaja, Mario",1975,CDU,"Wahlkreis 085 (29,7 %)",,
140,"Dr. Faber, Marcus",1984,FDP,Land Sachsen-Anhalt,Wahlkreis 066,
141,"Fahimi, Yasmin (Mandat verzichtet)",1967,SPD,"Wahlkreis 042 (32,9 %)",Land Niedersachsen,
142,"Färber, Hermann",1963,CDU,"Wahlkreis 263 (31,0 %)",,
143,"Farle, Robert",1950,AfD,"Wahlkreis 074 (25,1 %)",,
144,"Fäscher, Ariane",1968,SPD,"Wahlkreis 058 (26,3 %)",Land Brandenburg,
145,"Dr. Fechner, Johannes",1972,SPD,Land Baden-Württemberg,Wahlkreis 283,
146,"Feiler, Uwe Wolfgang Werner",1965,CDU,Land Brandenburg,Wahlkreis 058,
147,"Felser, Peter",1969,AfD,Land Bayern,,
148,"Ferlemann, Enak Matthias",1963,CDU,Land Niedersachsen,Wahlkreis 029,
149,"Ferschl, Susanne",1973,DIE LINKE,Land Bayern,Wahlkreis 257,
150,"Fester, Emilia Johanna",1998,GRÜNE,Land Hamburg,,
151,"Fiedler, Sebastian",1973,SPD,"Wahlkreis 118 (36,3 %)",Land Nordrhein-Westfalen,
152,"Föst, Daniel Wolfgang",1976,FDP,Land Bayern,Wahlkreis 217,
153,"Dr. Franke, Edgar Konrad Hartmut",1960,SPD,"Wahlkreis 170 (39,3 %)",Land Hessen,
154,"Frei, Thorsten",1973,CDU,"Wahlkreis 286 (36,4 %)",,
155,"Fricke, Otto",1965,FDP,Land Nordrhein-Westfalen,Wahlkreis 110,
156,"Friedhoff, Dietmar",1966,AfD,Land Niedersachsen,Wahlkreis 043,
157,"Dr. Friedrich, Hans-Peter",1957,CSU,"Wahlkreis 239 (41,2 %)",Land Bayern,
158,"Frieser, Michael",1964,CSU,"Wahlkreis 245 (34,4 %)",Land Bayern,
159,"Frohnmaier, Markus-Cornel",1991,AfD,Land Baden-Württemberg,Wahlkreis 260,
160,"Dr. Frömming, Götz",1968,AfD,Land Berlin,Wahlkreis 076,
161,"Funke genannt Kaiser, Maximilian Ludwig",1993,FDP,Land Bayern,,
162,"Funke, Fabian",1997,SPD,Land Sachsen,Wahlkreis 158,
163,"Gädechens, Ingo Adolf August",1960,CDU,Land Schleswig-Holstein,Wahlkreis 009,
164,"Gambir, Schahina",1991,GRÜNE,Land Nordrhein-Westfalen,Wahlkreis 134,
165,"Ganserer, Markus (Tessa)",1977,GRÜNE,Land Bayern,Wahlkreis 244,
166,"Gaßner-Herz, Martin Thomas",1985,FDP,Land Baden-Württemberg,Wahlkreis 284,
167,"Gastel, Matthias",1970,GRÜNE,Land Baden-Württemberg,Wahlkreis 262,
168,"Dr. Gauland, Eberhardt Alexander",1941,AfD,Land Brandenburg,,
169,"Gava, Manuel",1991,SPD,"Wahlkreis 039 (30,3 %)",Land Niedersachsen,
170,"Dr. Gebhart, Thomas",1971,CDU,Land Rheinland-Pfalz,Wahlkreis 211,
171,"Gehring, Kai",1977,GRÜNE,Land Nordrhein-Westfalen,Wahlkreis 120,
172,"Dr. Geissler, Jonas Alexander Tecumseh",1984,CSU,"Wahlkreis 238 (36,5 %)",,
173,"Gelbhaar, Stefan",1976,GRÜNE,"Wahlkreis 076 (26,8 %)",Land Berlin,
174,"Gerdes, Michael",1960,SPD,"Wahlkreis 125 (39,1 %)",Land Nordrhein-Westfalen,
175,"Gerschau, Knut",1961,FDP,Land Niedersachsen,Wahlkreis 042,
176,"Gerster, Martin",1971,SPD,Land Baden-Württemberg,Wahlkreis 292,
177,"Dr. Gesenhues, Jan-Niclas",1990,GRÜNE,Land Nordrhein-Westfalen,Wahlkreis 128,
178,"Glaser, Albrecht Heinz Erhard",1942,AfD,Land Hessen,Wahlkreis 170,
179,"Glöckner, Angelika",1962,SPD,"Wahlkreis 210 (30,4 %)",Land Rheinland-Pfalz,
180,"Gnauck, Hannes",1991,AfD,Land Brandenburg,Wahlkreis 057,
181,"Gohlke, Nicole Stephanie",1975,DIE LINKE,Land Bayern,Wahlkreis 220,
182,"Göring-Eckardt, Katrin",1966,GRÜNE,Land Thüringen,Wahlkreis 193,
183,"Görke, Christian",1962,DIE LINKE,Land Brandenburg,Wahlkreis 064,
184,"Gottschalk, Kay",1965,AfD,Land Nordrhein-Westfalen,Wahlkreis 111,
185,"Graf Lambsdorff, Alexander (Mandat verzichtet)",1966,FDP,Land Nordrhein-Westfalen,Wahlkreis 096,
186,"Gramling, Fabian Benedikt Meinrad",1987,CDU,"Wahlkreis 266 (30,4 %)",,
187,"Dr. Gräßle, Ingeborg Gabriele",1961,CDU,"Wahlkreis 269 (30,5 %)",Land Baden-Württemberg,
188,"Prof. Dr. Grau, Armin Jürgen",1959,GRÜNE,Land Rheinland-Pfalz,Wahlkreis 207,
189,"Gremmels, Timon (Mandat verzichtet)",1976,SPD,"Wahlkreis 168 (36,1 %)",Land Hessen,
190,"Griese, Kerstin",1966,SPD,Land Nordrhein-Westfalen,Wahlkreis 105,
191,"Gröhe, Gottfried Hermann",1961,CDU,"Wahlkreis 108 (35,8 %)",Land Nordrhein-Westfalen,
192,"Grosse-Brömer, Michael",1960,CDU,Land Niedersachsen,Wahlkreis 036,
193,"Grötsch, Ulrich Peter",1975,SPD,Land Bayern,Wahlkreis 235,
194,"Grübel, Markus",1959,CDU,"Wahlkreis 261 (32,0 %)",,
195,"Grund, Manfred",1955,CDU,"Wahlkreis 189 (26,6 %)",Land Thüringen,
196,"Grundl, Erhard",1963,GRÜNE,Land Bayern,Wahlkreis 231,
197,"Grundmann, Oliver Klaus",1971,CDU,"Wahlkreis 030 (34,6 %)",Land Niedersachsen,
198,"Grütters, Monika",1962,CDU,"Wahlkreis 077 (29,5 %)",Land Berlin,
199,"Grützmacher, Sabine",1986,GRÜNE,Land Nordrhein-Westfalen,Wahlkreis 099,
200,"Güler, Serap",1980,CDU,Land Nordrhein-Westfalen,Wahlkreis 101,
201,"Güntzler, Fritz",1966,CDU,Land Niedersachsen,Wahlkreis 053,
202,"Gürpinar, Ates Nils",1984,DIE LINKE,Land Bayern,Wahlkreis 222,
203,"Gutting, Olav Steffen",1970,CDU,"Wahlkreis 278 (29,6 %)",,
204,"Gysi, Gregor",1948,DIE LINKE,"Wahlkreis 084 (35,4 %)",,
205,"Haase, Christian",1966,CDU,"Wahlkreis 136 (40,1 %)",,
206,"Habeck, Robert",1969,GRÜNE,"Wahlkreis 001 (28,1 %)",Land Schleswig-Holstein,
207,"Hacker, Thomas",1967,FDP,Land Bayern,Wahlkreis 237,
208,"Hagedorn, Bettina",1955,SPD,"Wahlkreis 009 (33,7 %)",Land Schleswig-Holstein,
209,"Hagl-Kehl, Rita Andrea",1970,SPD,Land Bayern,Wahlkreis 227,
210,"Dr. Hahn, André",1963,DIE LINKE,Land Sachsen,Wahlkreis 158,
211,"Hahn, Florian Peter",1974,CSU,"Wahlkreis 221 (39,1 %)",Land Bayern,
212,"Hakverdi, Metin",1969,SPD,"Wahlkreis 023 (39,3 %)",Land Hamburg,
213,"Hanke, Reginald Karl Heinz (Mandat verzichtet)",1956,FDP,Land Thüringen,Wahlkreis 195,
214,"Harder-Kühnel, Mariana Iris",1974,AfD,Land Hessen,Wahlkreis 175,
215,"Hardt, Jürgen",1963,CDU,Land Nordrhein-Westfalen,Wahlkreis 103,
216,"Hartewig, Philipp",1994,FDP,Land Sachsen,Wahlkreis 161,
217,"Hartmann, Sebastian",1977,SPD,Land Nordrhein-Westfalen,Wahlkreis 097,
218,"Harzer, Ulrike",1968,FDP,Land Sachsen,Wahlkreis 164,
219,"Haßelmann, Britta Maria",1961,GRÜNE,Land Nordrhein-Westfalen,Wahlkreis 132,
220,"Hauer, Matthias",1977,CDU,"Wahlkreis 120 (30,7 %)",Land Nordrhein-Westfalen,
221,"Haug, Jochen",1973,AfD,Land Nordrhein-Westfalen,Wahlkreis 095,
222,"Dr. Heck, Stefan",1982,CDU,Land Hessen,Wahlkreis 171,
223,"Heidenblut, Dirk",1961,SPD,"Wahlkreis 119 (37,8 %)",Land Nordrhein-Westfalen,
224,"Heidt, Peter",1965,FDP,Land Hessen,Wahlkreis 177,
225,"Heil, Mechthild",1961,CDU,"Wahlkreis 198 (34,3 %)",Land Rheinland-Pfalz,
226,"Heil, Wolfgang-Hubertus",1972,SPD,"Wahlkreis 045 (43,7 %)",Land Niedersachsen,
227,"Heiligenstadt, Frauke",1966,SPD,"Wahlkreis 052 (36,7 %)",Land Niedersachsen,
228,"Heilmann, Thomas",1964,CDU,"Wahlkreis 079 (28,6 %)",Land Berlin,
229,"Heinrich, Gabriela",1963,SPD,Land Bayern,Wahlkreis 244,
230,"Heitmann, Linda",1982,GRÜNE,"Wahlkreis 019 (29,7 %)",Land Hamburg,
231,"Helferich, Matthias",1988,AfD,Land Nordrhein-Westfalen,Wahlkreis 143,
232,"Helfrich, Mark",1978,CDU,"Wahlkreis 003 (29,2 %)",Land Schleswig-Holstein,
233,"Helling-Plahr, Katrin",1986,FDP,Land Nordrhein-Westfalen,Wahlkreis 138,
234,"Hellmich, Wolfgang",1958,SPD,Land Nordrhein-Westfalen,Wahlkreis 146,
235,"Henneberger, Kathrin",1987,GRÜNE,Land Nordrhein-Westfalen,Wahlkreis 109,
236,"Hennig, Anke",1964,SPD,Land Niedersachsen,Wahlkreis 038,
237,"Hennig-Wellsow, Susanne Marianne",1977,DIE LINKE,Land Thüringen,Wahlkreis 193,
238,"Hennrich, Michael (Mandat verzichtet)",1965,CDU,"Wahlkreis 262 (30,1 %)",,
239,"Henrichmann, Marc",1976,CDU,"Wahlkreis 127 (40,9 %)",,
240,"Herbrand, Markus",1971,FDP,Land Nordrhein-Westfalen,Wahlkreis 092,
241,"Herbst, Torsten",1973,FDP,Land Sachsen,Wahlkreis 159,
242,"Herrmann, Bernhard",1966,GRÜNE,Land Sachsen,Wahlkreis 163,
243,"Heselhaus, Nadine",1978,SPD,Land Nordrhein-Westfalen,Wahlkreis 126,
244,"Hess, Martin Alexander",1971,AfD,Land Baden-Württemberg,Wahlkreis 265,
245,"Hessel, Katja",1972,FDP,Land Bayern,Wahlkreis 244,
246,"Heveling, Ansgar Guido Karl Johannes",1972,CDU,"Wahlkreis 110 (33,4 %)",,
247,"Hierl, Susanne",1973,CSU,"Wahlkreis 232 (40,3 %)",Land Bayern,
248,"Hilse, Karsten",1964,AfD,"Wahlkreis 156 (33,4 %)",Land Sachsen,
249,"Hirte, Christian",1976,CDU,Land Thüringen,Wahlkreis 190,
250,"Hitschler, Thomas",1982,SPD,"Wahlkreis 211 (28,2 %)",Land Rheinland-Pfalz,
251,"Höchst, Nicole",1970,AfD,Land Rheinland-Pfalz,Wahlkreis 201,
252,"Dr. Hocker, Gero Clemens",1975,FDP,Land Niedersachsen,Wahlkreis 034,
253,"Höferlin, Manuel",1973,FDP,Land Rheinland-Pfalz,Wahlkreis 206,
254,"Hoffmann, Alexander",1975,CSU,"Wahlkreis 249 (38,6 %)",,
255,"Dr. Hoffmann, Bettina Martha Lieselotte",1960,GRÜNE,Land Hessen,Wahlkreis 170,
256,"Dr. Hoffmann, Christoph",1957,FDP,Land Baden-Württemberg,Wahlkreis 282,
257,"Dr. Hofreiter, Anton Gerhard",1970,GRÜNE,Land Bayern,Wahlkreis 221,
258,"Holm, Leif-Erik",1970,AfD,Land Mecklenburg-Vorpommern,Wahlkreis 015,
259,"Hönel, Bruno",1996,GRÜNE,Land Schleswig-Holstein,Wahlkreis 011,
260,"Dr. Hoppenstedt, Hendrik",1972,CDU,Land Niedersachsen,Wahlkreis 043,
261,"Hoppermann, Franziska Christina Brigitte",1982,CDU,Land Hamburg,Wahlkreis 022,
262,"Hostert, Jasmina",1982,SPD,Land Baden-Württemberg,Wahlkreis 260,
263,"Houben, Reinhard Arnold",1960,FDP,Land Nordrhein-Westfalen,Wahlkreis 093,
264,"Huber, Johannes Josef",1987,AfD,Land Bayern,Wahlkreis 214,
265,"Hubertz, Verena Ute",1987,SPD,"Wahlkreis 203 (33,0 %)",Land Rheinland-Pfalz,
266,"Hümpfer, Markus Klaus",1992,SPD,Land Bayern,Wahlkreis 250,
267,"Hunko, Andrej Konstantin",1963,DIE LINKE,Land Nordrhein-Westfalen,Wahlkreis 087,
268,"Hüppe, Hubert Wilhelm",1956,CDU,Land Nordrhein-Westfalen,Wahlkreis 144,
269,"Huy, Rose Gerrit",1953,AfD,Land Bayern,Wahlkreis 226,
270,"Jacobi, Fabian",1973,AfD,Land Nordrhein-Westfalen,Wahlkreis 093,
271,"Janecek, Dieter Gerald",1976,GRÜNE,Land Bayern,Wahlkreis 220,
272,"Janich, Steffen",1971,AfD,"Wahlkreis 158 (33,0 %)",Land Sachsen,
273,"Janssen, Anne",1982,CDU,Land Niedersachsen,Wahlkreis 026,
274,"Jarzombek, Thomas",1973,CDU,"Wahlkreis 106 (31,1 %)",Land Nordrhein-Westfalen,
275,"Jensen-Bornhöft, Gyde",1989,FDP,Land Schleswig-Holstein,Wahlkreis 002,
276,"Dr. Jongen, Marc Stephan",1968,AfD,Land Baden-Württemberg,Wahlkreis 266,
277,"Jung, Andreas",1975,CDU,"Wahlkreis 287 (34,1 %)",Land Baden-Württemberg,
278,"Dr. Jung, Christian (Mandat abgelehnt)",1977,FDP,Land Baden-Württemberg,,
279,"Jung, Ingmar Ludwig (Mandat verzichtet)",1978,CDU,"Wahlkreis 179 (26,3 %)",Land Hessen,
280,"Junge, Frank Michael",1967,SPD,"Wahlkreis 013 (35,2 %)",Land Mecklenburg-Vorpommern,
281,"Juratovic, Josip",1959,SPD,Land Baden-Württemberg,Wahlkreis 267,
282,"Dr. Jurisch, Ann-Veruschka",1972,FDP,Land Baden-Württemberg,Wahlkreis 287,
283,"Kaczmarek, Oliver",1970,SPD,"Wahlkreis 144 (40,8 %)",Land Nordrhein-Westfalen,
284,"Kaddor, Lamya",1978,GRÜNE,Land Nordrhein-Westfalen,Wahlkreis 115,
285,"Kaiser, Elisabeth",1987,SPD,Land Thüringen,Wahlkreis 194,
286,"Dr. Kappert-Gonther, Kirsten",1966,GRÜNE,Land Bremen,Wahlkreis 054,
287,"Karaahmetoǧlu, Macit",1968,SPD,Land Baden-Württemberg,Wahlkreis 265,
288,"Karliczek, Anja Maria-Antonia",1971,CDU,"Wahlkreis 128 (34,0 %)",Land Nordrhein-Westfalen,
289,"Kasper, Carlos",1994,SPD,Land Sachsen,Wahlkreis 163,
290,"Kassautzki, Anna Katharina",1993,SPD,"Wahlkreis 015 (24,3 %)",Land Mecklenburg-Vorpommern,
291,"Katzmarek, Gabriele",1960,SPD,Land Baden-Württemberg,Wahlkreis 273,
292,"Dr. Kaufmann, Malte",1976,AfD,Land Baden-Württemberg,Wahlkreis 274,
293,"Prof. Dr. Kaufmann, Michael Heinz",1964,AfD,"Wahlkreis 195 (29,3 %)",Land Thüringen,
294,"Keller, Rainer Johannes (verstorben)",1965,SPD,"Wahlkreis 113 (34,2 %)",Land Nordrhein-Westfalen,
295,"Kellner, Michael",1977,GRÜNE,Land Brandenburg,Wahlkreis 057,
296,"Kemmer, Ronja Helene",1989,CDU,"Wahlkreis 291 (32,7 %)",Land Baden-Württemberg,
297,"Dr. Kersten, Franziska",1968,SPD,"Wahlkreis 067 (26,2 %)",Land Sachsen-Anhalt,
298,"Keul, Katja",1969,GRÜNE,Land Niedersachsen,Wahlkreis 040,
299,"Keuter, Stefan",1972,AfD,Land Nordrhein-Westfalen,Wahlkreis 120,
300,"Khan, Misbah",1989,GRÜNE,Land Rheinland-Pfalz,,
301,"Kiesewetter, Roderich",1963,CDU,"Wahlkreis 270 (37,0 %)",,
302,"Kießling, Michael",1973,CSU,"Wahlkreis 224 (38,2 %)",,
303,"Kindler, Sven-Christian",1985,GRÜNE,Land Niedersachsen,Wahlkreis 042,
304,"Dr. Kippels, Georg",1959,CDU,"Wahlkreis 091 (33,0 %)",Land Nordrhein-Westfalen,
305,"Kipping, Katja (Mandat verzichtet)",1978,DIE LINKE,Land Sachsen,Wahlkreis 159,
306,"Kiziltepe, Cansel",1975,SPD,Land Berlin,Wahlkreis 083,
307,"Kleebank, Helmut",1964,SPD,"Wahlkreis 078 (32,6 %)",,
308,"Klein, Karsten",1977,FDP,Land Bayern,Wahlkreis 247,
309,"Dr. Klein, Ottilie Paola",1984,CDU,Land Berlin,Wahlkreis 075,
310,"Klein, Volkmar",1960,CDU,"Wahlkreis 148 (33,6 %)",Land Nordrhein-Westfalen,
311,"Klein-Schmeink, Maria Anna",1958,GRÜNE,"Wahlkreis 129 (32,3 %)",Land Nordrhein-Westfalen,
312,"Kleinwächter, Norbert",1986,AfD,Land Brandenburg,,
313,"Dr. Klinck, Kristian",1979,SPD,"Wahlkreis 006 (31,4 %)",Land Schleswig-Holstein,
314,"Klingbeil, Lars",1978,SPD,"Wahlkreis 035 (47,6 %)",Land Niedersachsen,
315,"Klöckner, Julia",1972,CDU,Land Rheinland-Pfalz,Wahlkreis 201,
316,"Klose, Annika Gisela",1992,SPD,Land Berlin,Wahlkreis 075,
317,"Kluckert, Daniela Kathrin",1980,FDP,Land Berlin,Wahlkreis 076,
318,"Klüssendorf, Tim",1991,SPD,"Wahlkreis 011 (34,1 %)",Land Schleswig-Holstein,
319,"Knoerig, Axel",1967,CDU,"Wahlkreis 033 (33,8 %)",Land Niedersachsen,
320,"Kober, Pascal Felix Ernst",1971,FDP,Land Baden-Württemberg,Wahlkreis 289,
321,"Koeppen, Jens",1962,CDU,Land Brandenburg,Wahlkreis 057,
322,"Dr. Kofler, Bärbel",1967,SPD,Land Bayern,Wahlkreis 225,
323,"Dr. Köhler, Lukas Otto",1986,FDP,Land Bayern,Wahlkreis 220,
324,"Komning, Enrico",1968,AfD,Land Mecklenburg-Vorpommern,Wahlkreis 016,
325,"König, Anne",1984,CDU,"Wahlkreis 126 (43,7 %)",,
326,"König, Jörn Harald",1967,AfD,Land Niedersachsen,Wahlkreis 041,
327,"Konrad, Carina",1982,FDP,Land Rheinland-Pfalz,Wahlkreis 200,
328,"Koob, Markus Benjamin",1977,CDU,"Wahlkreis 176 (31,3 %)",Land Hessen,
329,"Kopf, Chantal Johanna Siglinde",1995,GRÜNE,"Wahlkreis 281 (28,8 %)",Land Baden-Württemberg,
330,"Körber, Carsten",1979,CDU,Land Sachsen,Wahlkreis 165,
331,"Korte, Jan",1977,DIE LINKE,Land Sachsen-Anhalt,Wahlkreis 071,
332,"Koß, Simona",1961,SPD,"Wahlkreis 059 (24,8 %)",Land Brandenburg,
333,"Kotré, Steffen",1971,AfD,Land Brandenburg,Wahlkreis 062,
334,"Kraft, Laura Manuela",1990,GRÜNE,Land Nordrhein-Westfalen,Wahlkreis 148,
335,"Dr. Kraft, Rainer Detlef",1974,AfD,Land Bayern,Wahlkreis 253,
336,"Krämer, Philip",1992,GRÜNE,Land Hessen,Wahlkreis 187,
337,"Kramme, Anette",1967,SPD,Land Bayern,Wahlkreis 237,
338,"Kramp-Karrenbauer, Annegret (Mandat abgelehnt)",1962,CDU,Land Saarland,Wahlkreis 296,
339,"Kreiser, Dunja Eleonore Angelika",1971,SPD,"Wahlkreis 049 (38,6 %)",Land Niedersachsen,
340,"Krichbaum, Gunther",1964,CDU,"Wahlkreis 279 (28,5 %)",,
341,"Dr. Krings, Günter",1969,CDU,"Wahlkreis 109 (35,6 %)",Land Nordrhein-Westfalen,
342,"Krischer, Oliver (Mandat verzichtet)",1969,GRÜNE,"Wahlkreis 087 (30,2 %)",Land Nordrhein-Westfalen,
343,"Kröber, Martin",1992,SPD,"Wahlkreis 069 (25,3 %)",Land Sachsen-Anhalt,
344,"Kruse, Michael",1983,FDP,Land Hamburg,,
345,"Kuban, Tilman Moritz",1987,CDU,Land Niedersachsen,Wahlkreis 047,
346,"Kubicki, Wolfgang",1952,FDP,Land Schleswig-Holstein,Wahlkreis 003,
347,"Kuhle, Konstantin Elias",1989,FDP,Land Niedersachsen,Wahlkreis 053,
348,"Kühn, Christian",1979,GRÜNE,Land Baden-Württemberg,Wahlkreis 290,
349,"Kühnert, Kevin",1989,SPD,"Wahlkreis 081 (26,7 %)",Land Berlin,
350,"Künast, Renate Elly",1955,GRÜNE,Land Berlin,Wahlkreis 081,
351,"Kurth, Markus",1966,GRÜNE,Land Nordrhein-Westfalen,Wahlkreis 142,
352,"Lahrkamp, Sarah",1981,SPD,Land Nordrhein-Westfalen,Wahlkreis 124,
353,"Lang, Ricarda",1994,GRÜNE,Land Baden-Württemberg,Wahlkreis 269,
354,"Lange, Ulrich",1969,CSU,"Wahlkreis 254 (41,1 %)",,
355,"Larem, Andreas",1964,SPD,"Wahlkreis 186 (27,4 %)",Land Hessen,
356,"Laschet, Armin",1961,CDU,Land Nordrhein-Westfalen,,
357,"Latendorf, Ina",1971,DIE LINKE,Land Mecklenburg-Vorpommern,Wahlkreis 012,
358,"Dr. Launert, Silke",1976,CSU,"Wahlkreis 237 (42,4 %)",Land Bayern,
359,"Dr. Lauterbach, Karl Wilhelm",1963,SPD,"Wahlkreis 101 (45,6 %)",Land Nordrhein-Westfalen,
360,"Lay, Caren Nicole",1972,DIE LINKE,Land Sachsen,Wahlkreis 156,
361,"Lechte, Ulrich",1977,FDP,Land Bayern,Wahlkreis 233,
362,"Lehmann, Jens",1967,CDU,"Wahlkreis 152 (20,5 %)",Land Sachsen,
363,"Lehmann, Sven",1979,GRÜNE,"Wahlkreis 094 (34,6 %)",Land Nordrhein-Westfalen,
364,"Lehmann, Sylvia",1954,SPD,"Wahlkreis 062 (26,5 %)",Land Brandenburg,
365,"Lehrieder, Paul Alois",1959,CSU,"Wahlkreis 251 (36,9 %)",Land Bayern,
366,"Dr. Leikert, Katja Isabel",1975,CDU,Land Hessen,Wahlkreis 180,
367,"Leiser, Kevin",1993,SPD,Land Baden-Württemberg,Wahlkreis 268,
368,"Lemke, Steffi",1968,GRÜNE,Land Sachsen-Anhalt,Wahlkreis 070,
369,"Lenders, Jürgen",1966,FDP,Land Hessen,Wahlkreis 174,
370,"Lenk, Barbara",1982,AfD,"Wahlkreis 155 (31,0 %)",Land Sachsen,
371,"Lenkert, Ralph",1967,DIE LINKE,Land Thüringen,Wahlkreis 191,
372,"Dr. Lenz, Andreas",1981,CSU,"Wahlkreis 213 (42,3 %)",,
373,"Leye, Christian",1981,DIE LINKE,Land Nordrhein-Westfalen,Wahlkreis 116,
374,"Licina-Bode, Luiza",1972,SPD,Land Nordrhein-Westfalen,Wahlkreis 148,
375,"Dr. Lieb, Thorsten Willibald",1973,FDP,Land Hessen,Wahlkreis 183,
376,"Liebert, Anja",1969,GRÜNE,Land Nordrhein-Westfalen,Wahlkreis 102,
377,"Limbacher, Esra-Leon Ruben",1989,SPD,"Wahlkreis 299 (36,6 %)",Land Saarland,
378,"Limburg, Helge Stefan",1982,GRÜNE,Land Niedersachsen,Wahlkreis 046,
379,"Lindh, Helge Frederik",1976,SPD,"Wahlkreis 102 (37,3 %)",Land Nordrhein-Westfalen,
380,"Lindholz, Andrea",1970,CSU,"Wahlkreis 247 (40,7 %)",Land Bayern,
381,"Lindner, Christian Wolfgang",1979,FDP,Land Nordrhein-Westfalen,Wahlkreis 100,
382,"Dr. Lindner, Tobias",1982,GRÜNE,Land Rheinland-Pfalz,Wahlkreis 211,
383,"Link, Michael Georg",1963,FDP,Land Baden-Württemberg,Wahlkreis 267,
384,"Dr. Linnemann, Carsten Christoffer",1977,CDU,"Wahlkreis 137 (47,9 %)",,
385,"Lips, Patricia",1963,CDU,Land Hessen,Wahlkreis 187,
386,"Loop, Denise",1994,GRÜNE,Land Schleswig-Holstein,Wahlkreis 002,
387,"Loos, Bernhard Siegfried",1955,CSU,"Wahlkreis 217 (25,7 %)",Land Bayern,
388,"Dr. Lötzsch, Gesine",1961,DIE LINKE,"Wahlkreis 086 (25,8 %)",Land Berlin,
389,"Lucassen, Hans-Rüdiger",1951,AfD,Land Nordrhein-Westfalen,Wahlkreis 092,
390,"Lucks, Max",1997,GRÜNE,Land Nordrhein-Westfalen,Wahlkreis 140,
391,"Dr. Luczak, Jan-Marco",1975,CDU,Land Berlin,Wahlkreis 081,
392,"Ludwig, Daniela",1975,CSU,"Wahlkreis 222 (36,1 %)",Land Bayern,
393,"Lugk, Bettina",1982,SPD,Land Nordrhein-Westfalen,Wahlkreis 150,
394,"Lührmann, Anna Kristina",1983,GRÜNE,Land Hessen,Wahlkreis 178,
395,"Luksic, Oliver",1979,FDP,Land Saarland,Wahlkreis 298,
396,"Lütke, Kristine",1982,FDP,Land Bayern,Wahlkreis 246,
397,"Lutze, Thomas",1969,DIE LINKE,Land Saarland,,
398,"Maas, Heiko Josef (Mandat verzichtet)",1966,SPD,"Wahlkreis 297 (36,7 %)",Land Saarland,
399,"Dr. Machalet, Tanja",1974,SPD,"Wahlkreis 204 (31,5 %)",Land Rheinland-Pfalz,
400,"Mack, Klaus",1973,CDU,"Wahlkreis 280 (33,8 %)",,
401,"Mackensen-Geis, Isabel Larissa",1986,SPD,Land Rheinland-Pfalz,Wahlkreis 208,
402,"Magwas, Yvonne",1979,CDU,"Wahlkreis 166 (27,7 %)",Land Sachsen,
403,"von Malottki, Erik",1986,SPD,"Wahlkreis 016 (24,8 %)",Land Mecklenburg-Vorpommern,
404,"Mann, Holger",1979,SPD,Land Sachsen,Wahlkreis 152,
405,"Mansmann, Till Berthold",1968,FDP,Land Hessen,Wahlkreis 188,
406,"Mansoori, Kaweh (Mandat verzichtet)",1988,SPD,Land Hessen,Wahlkreis 183,
407,"Martens, Zanda",1984,SPD,Land Nordrhein-Westfalen,Wahlkreis 106,
408,"Martin, Dorothee Katja Julia",1978,SPD,"Wahlkreis 021 (30,7 %)",Land Hamburg,
409,"Marvi, Parsa",1982,SPD,Land Baden-Württemberg,Wahlkreis 271,
410,"Mascheck, Franziska",1979,SPD,Land Sachsen,Wahlkreis 154,
411,"Mast, Katja Wilma",1971,SPD,Land Baden-Württemberg,Wahlkreis 279,
412,"Mattfeldt, Andreas",1969,CDU,"Wahlkreis 034 (33,7 %)",Land Niedersachsen,
413,"Mayer, Stephan",1973,CSU,"Wahlkreis 212 (43,3 %)",,
414,"Mayer, Zoe",1995,GRÜNE,"Wahlkreis 271 (30,0 %)",Land Baden-Württemberg,
415,"Mayer-Lay, Volker",1981,CDU,"Wahlkreis 293 (30,4 %)",,
416,"Mehltretter, Andreas",1991,SPD,Land Bayern,Wahlkreis 214,
417,"Mehmet Ali, Takis",1991,SPD,Land Baden-Württemberg,Wahlkreis 282,
418,"Dr. Meister, Michael Günther",1961,CDU,"Wahlkreis 188 (30,5 %)",Land Hessen,
419,"Menge, Patrizia Susanne",1960,GRÜNE,Land Niedersachsen,Wahlkreis 027,
420,"Merten, Anikó",1982,FDP,Land Niedersachsen,Wahlkreis 050,
421,"Merz, Joachim-Friedrich Martin Josef",1955,CDU,"Wahlkreis 147 (40,4 %)",,
422,"Mesarosch, Robin",1991,SPD,Land Baden-Württemberg,Wahlkreis 295,
423,"Metzler, Jan",1981,CDU,"Wahlkreis 206 (32,2 %)",Land Rheinland-Pfalz,
424,"Meyer, Christoph Werner",1975,FDP,Land Berlin,Wahlkreis 080,
425,"Miazga, Corinna (verstorben)",1983,AfD,Land Bayern,Wahlkreis 231,
426,"Michaelsen, Swantje Henrike",1979,GRÜNE,Land Niedersachsen,Wahlkreis 041,
427,"Michel, Susanne Kathrin",1963,SPD,Land Sachsen,Wahlkreis 156,
428,"Dr. Middelberg, Mathias Wolfgang Antonius",1964,CDU,Land Niedersachsen,Wahlkreis 039,
429,"Dr. Miersch, Matthias",1968,SPD,"Wahlkreis 047 (40,7 %)",Land Niedersachsen,
430,"Mieves, Matthias David",1985,SPD,"Wahlkreis 209 (33,9 %)",Land Rheinland-Pfalz,
431,"Dr. Mihalic, Irene",1976,GRÜNE,Land Nordrhein-Westfalen,Wahlkreis 123,
432,"Mijatović, Boris",1974,GRÜNE,Land Hessen,Wahlkreis 168,
433,"Mittag, Susanne",1958,SPD,"Wahlkreis 028 (36,7 %)",Land Niedersachsen,
434,"Mohamed Ali, Amira",1980,DIE LINKE,Land Niedersachsen,Wahlkreis 027,
435,"Möhring, Cornelia",1960,DIE LINKE,Land Schleswig-Holstein,Wahlkreis 007,
436,"Mohrs, Falko (Mandat verzichtet)",1984,SPD,"Wahlkreis 051 (42,1 %)",Land Niedersachsen,
437,"Moll, Claudia",1968,SPD,"Wahlkreis 088 (34,5 %)",Land Nordrhein-Westfalen,
438,"Möller, Siemtje Victoria Regine Ilse Santjer",1983,SPD,"Wahlkreis 026 (45,4 %)",Land Niedersachsen,
439,"Moncsek, Mike",1964,AfD,"Wahlkreis 163 (28,9 %)",Land Sachsen,
440,"Monstadt, Dietrich",1957,CDU,Land Mecklenburg-Vorpommern,Wahlkreis 012,
441,"Moosdorf, Matthias",1965,AfD,"Wahlkreis 165 (25,6 %)",,
442,"Mordhorst, Maximilian",1996,FDP,Land Schleswig-Holstein,Wahlkreis 005,
443,"Mörseburg, Maximilian Rick",1992,CDU,"Wahlkreis 259 (25,9 %)",,
444,"Müller, Alexander",1969,FDP,Land Hessen,Wahlkreis 178,
445,"Müller, Axel Karl",1963,CDU,"Wahlkreis 294 (30,6 %)",,
446,"Müller, Bettina",1959,SPD,"Wahlkreis 175 (30,5 %)",Land Hessen,
447,"Müller, Carsten",1970,CDU,Land Niedersachsen,Wahlkreis 050,
448,"Müller, Claudia Heike",1981,GRÜNE,Land Mecklenburg-Vorpommern,Wahlkreis 015,
449,"Müller, Detlef",1964,SPD,"Wahlkreis 162 (25,1 %)",Land Sachsen,
450,"Müller, Florian Matthias",1987,CDU,"Wahlkreis 149 (37,1 %)",,
451,"Müller, Rainer Michael",1964,SPD,"Wahlkreis 080 (25,6 %)",Land Berlin,
452,"Müller, Sascha",1970,GRÜNE,Land Bayern,Wahlkreis 245,
453,"Müller, Sepp",1989,CDU,"Wahlkreis 070 (34,3 %)",Land Sachsen-Anhalt,
454,"Müller, Stefan",1975,CSU,"Wahlkreis 242 (35,1 %)",Land Bayern,
455,"Müller-Gemmeke, Beate",1960,GRÜNE,Land Baden-Württemberg,Wahlkreis 289,
456,"Müller-Rosentritt, Frank",1982,FDP,Land Sachsen,Wahlkreis 162,
457,"Müntefering, Michelle-Jasmin Gabriele",1980,SPD,"Wahlkreis 141 (43,4 %)",Land Nordrhein-Westfalen,
458,"Münzenmaier, Sebastian",1989,AfD,Land Rheinland-Pfalz,Wahlkreis 205,
459,"Dr. Mützenich, Rolf Heinrich",1959,SPD,"Wahlkreis 095 (29,9 %)",Land Nordrhein-Westfalen,
460,"Dr. Nacke, Stefan",1976,CDU,Land Nordrhein-Westfalen,Wahlkreis 129,
461,"Nanni, Sara",1987,GRÜNE,Land Nordrhein-Westfalen,Wahlkreis 107,
462,"Nasr, Rasha",1992,SPD,Land Sachsen,Wahlkreis 159,
463,"Nastić, Zaklin Jadwiga",1980,DIE LINKE,Land Hamburg,Wahlkreis 020,
464,"Naujok, Edgar",1960,AfD,"Wahlkreis 154 (24,6 %)",Land Sachsen,
465,"Dr. Nestle, Ingrid Johanna",1977,GRÜNE,Land Schleswig-Holstein,Wahlkreis 003,
466,"Dr. Nick, Ophelia Johanna",1973,GRÜNE,Land Nordrhein-Westfalen,Wahlkreis 105,
467,"Nickholz, Brian",1989,SPD,"Wahlkreis 122 (37,4 %)",Land Nordrhein-Westfalen,
468,"Nicolaisen, Petra",1965,CDU,Land Schleswig-Holstein,Wahlkreis 001,
469,"Nietan, Dietmar Heinrich",1964,SPD,Land Nordrhein-Westfalen,Wahlkreis 090,
470,"Nolte, Jan Ralf",1988,AfD,Land Hessen,Wahlkreis 167,
471,"Dr. von Notz, Konstantin",1971,GRÜNE,Land Schleswig-Holstein,Wahlkreis 010,
472,"Nouripour, Omid",1975,GRÜNE,"Wahlkreis 183 (29,0 %)",Land Hessen,
473,"Nürnberger, Jörg Mathias",1967,SPD,Land Bayern,Wahlkreis 239,
474,"Oehl, Jan Lennard",1993,SPD,"Wahlkreis 180 (31,1 %)",Land Hessen,
475,"Oellers, Wilfried",1975,CDU,"Wahlkreis 089 (39,7 %)",Land Nordrhein-Westfalen,
476,"Oppelt, Moritz Paul Georg",1989,CDU,"Wahlkreis 277 (28,5 %)",,
477,"Ortleb, Josephine Loulou",1986,SPD,"Wahlkreis 296 (36,9 %)",Land Saarland,
478,"Oßner, Florian",1980,CSU,"Wahlkreis 228 (36,4 %)",,
479,"Oster, Josef",1971,CDU,"Wahlkreis 199 (31,7 %)",Land Rheinland-Pfalz,
480,"Otte, Henning Rudolf Helmut",1968,CDU,"Wahlkreis 044 (32,9 %)",Land Niedersachsen,
481,"Otte, Karoline",1996,GRÜNE,Land Niedersachsen,Wahlkreis 052,
482,"Otten, Gerold Joachim",1955,AfD,Land Bayern,Wahlkreis 221,
483,"Özdemir, Cem",1965,GRÜNE,"Wahlkreis 258 (39,9 %)",Land Baden-Württemberg,
484,"Özdemir, Mahmut",1987,SPD,"Wahlkreis 116 (39,4 %)",Land Nordrhein-Westfalen,
485,"Özoğuz, Saliha Aydan",1967,SPD,"Wahlkreis 022 (38,7 %)",Land Hamburg,
486,"Pahlke, Julian Nils Christoph",1991,GRÜNE,Land Niedersachsen,Wahlkreis 025,
487,"Dr. Pantazis, Christos",1975,SPD,"Wahlkreis 050 (36,7 %)",Land Niedersachsen,
488,"Papenbrock, Wiebke",1979,SPD,"Wahlkreis 056 (33,0 %)",Land Brandenburg,
489,"Papendieck, Mathias",1982,SPD,"Wahlkreis 063 (28,0 %)",Land Brandenburg,
490,"Pau, Petra Angelika",1963,DIE LINKE,Land Berlin,Wahlkreis 085,
491,"Paus, Elisabeth Maria",1968,GRÜNE,Land Berlin,Wahlkreis 080,
492,"Pawlik, Natalie",1992,SPD,"Wahlkreis 177 (29,7 %)",Land Hessen,
493,"Peick, Jens",1981,SPD,"Wahlkreis 142 (33,0 %)",Land Nordrhein-Westfalen,
494,"Pellmann, Sören",1977,DIE LINKE,"Wahlkreis 153 (22,8 %)",Land Sachsen,
495,"Perli, Victor Angelo",1982,DIE LINKE,Land Niedersachsen,Wahlkreis 049,
496,"Peterka, Tobias Matthias",1982,AfD,Land Bayern,Wahlkreis 237,
497,"Petry, Christian",1965,SPD,"Wahlkreis 298 (35,1 %)",Land Saarland,
498,"Dr. Philippi, Andreas Milan Gerhard (Mandat verzichtet)",1965,SPD,"Wahlkreis 053 (32,2 %)",Land Niedersachsen,
499,"Dr. Piechotta, Paula Louise",1986,GRÜNE,Land Sachsen,Wahlkreis 153,
500,"Pilsinger, Stephan Nikolaus",1987,CSU,"Wahlkreis 220 (27,0 %)",Land Bayern,
501,"Plobner, Jan Heinz Stefan",1992,SPD,Land Bayern,Wahlkreis 246,
502,"Dr. Ploß, Christoph Johannes",1985,CDU,Land Hamburg,Wahlkreis 021,
503,"Dr. Plum, Martin",1982,CDU,"Wahlkreis 111 (35,8 %)",Land Nordrhein-Westfalen,
504,"Pohl, Jürgen Hans",1964,AfD,Land Thüringen,Wahlkreis 189,
505,"Polat, Filiz",1978,GRÜNE,Land Niedersachsen,Wahlkreis 038,
506,"Poschmann, Sabine",1968,SPD,"Wahlkreis 143 (39,1 %)",Land Nordrhein-Westfalen,
507,"Post, Achim Jürgen",1959,SPD,"Wahlkreis 134 (38,4 %)",Land Nordrhein-Westfalen,
508,"Protschka, Stephan",1977,AfD,Land Bayern,Wahlkreis 230,
509,"Rachel, Thomas Walther",1962,CDU,"Wahlkreis 090 (36,7 %)",Land Nordrhein-Westfalen,
510,"Radomski, Kerstin Christiane",1974,CDU,Land Nordrhein-Westfalen,Wahlkreis 114,
511,"Radwan, Alexander Gamal",1964,CSU,"Wahlkreis 223 (41,3 %)",,
512,"Rainer, Alois Georg Josef",1965,CSU,"Wahlkreis 231 (44,3 %)",,
513,"Dr. Ramsauer, Peter",1954,CSU,"Wahlkreis 225 (36,6 %)",,
514,"Dr. Redder, Volker",1959,FDP,Land Bremen,Wahlkreis 054,
515,"Rehbaum, Henning",1973,CDU,"Wahlkreis 130 (36,3 %)",,
516,"Reichardt, Martin",1969,AfD,Land Sachsen-Anhalt,Wahlkreis 073,
517,"Dr. Reichel, Markus",1968,CDU,"Wahlkreis 159 (21,1 %)",Land Sachsen,
518,"Reichinnek, Heidi",1988,DIE LINKE,Land Niedersachsen,Wahlkreis 039,
519,"Prof. Dr. Reinalter, Anja Margit",1970,GRÜNE,Land Baden-Württemberg,Wahlkreis 292,
520,"Reinhold, Hagen (Mandat verzichtet)",1978,FDP,Land Mecklenburg-Vorpommern,Wahlkreis 014,
521,"Renner, Martin Erwin",1954,AfD,Land Nordrhein-Westfalen,Wahlkreis 104,
522,"Renner, Martina Erika",1967,DIE LINKE,Land Thüringen,Wahlkreis 190,
523,"Reuther, Bernd",1971,FDP,Land Nordrhein-Westfalen,Wahlkreis 113,
524,"Rhie, Ye-One",1987,SPD,Land Nordrhein-Westfalen,Wahlkreis 087,
525,"Dr. De Ridder, Daniela Friederike",1962,SPD,Land Niedersachsen,Wahlkreis 031,
526,"Rief, Josef",1960,CDU,"Wahlkreis 292 (35,1 %)",,
527,"Riexinger, Bernd Karl",1955,DIE LINKE,Land Baden-Württemberg,Wahlkreis 258,
528,"Rimkus, Andreas",1962,SPD,"Wahlkreis 107 (29,2 %)",Land Nordrhein-Westfalen,
529,"Rinck, Frank Martin Klaus",1986,AfD,Land Niedersachsen,Wahlkreis 048,
530,"Rix, Sönke",1975,SPD,"Wahlkreis 004 (30,8 %)",Land Schleswig-Holstein,
531,"Rohde, Dennis",1986,SPD,"Wahlkreis 027 (38,2 %)",Land Niedersachsen,
532,"Rohwer, Lars",1972,CDU,"Wahlkreis 160 (18,6 %)",,
533,"Roloff, Sebastian Jörg",1983,SPD,Land Bayern,Wahlkreis 219,
534,"Dr. Rosemann, Martin",1976,SPD,Land Baden-Württemberg,Wahlkreis 290,
535,"Rosenthal, Jessica",1992,SPD,Land Nordrhein-Westfalen,Wahlkreis 096,
536,"Rößner, Tabea",1966,GRÜNE,Land Rheinland-Pfalz,Wahlkreis 205,
537,"Roth, Claudia Benedikta",1955,GRÜNE,Land Bayern,Wahlkreis 252,
538,"Roth, Michael",1970,SPD,"Wahlkreis 169 (43,7 %)",Land Hessen,
539,"Dr. Röttgen, Norbert Alois",1965,CDU,"Wahlkreis 098 (40,0 %)",,
540,"Dr. Rottmann, Manuela",1972,GRÜNE,Land Bayern,Wahlkreis 248,
541,"Rouenhoff, Stefan",1978,CDU,"Wahlkreis 112 (37,6 %)",Land Nordrhein-Westfalen,
542,"Röwekamp, Thomas",1966,CDU,Land Bremen,Wahlkreis 054,
543,"Rüddel, Erwin Josef",1955,CDU,"Wahlkreis 197 (31,9 %)",Land Rheinland-Pfalz,
544,"Dr. Rudolph, Thorsten",1974,SPD,Land Rheinland-Pfalz,Wahlkreis 199,
545,"Rudolph, Tina",1991,SPD,Land Thüringen,Wahlkreis 190,
546,"Rüffer, Corinna Martina",1975,GRÜNE,Land Rheinland-Pfalz,Wahlkreis 203,
547,"Rupprecht, Albert Robert",1968,CSU,"Wahlkreis 235 (38,5 %)",,
548,"Rützel, Bernd Ferdinand",1968,SPD,Land Bayern,Wahlkreis 249,
549,"Ryglewski, Sarah Janina",1983,SPD,"Wahlkreis 054 (30,2 %)",Land Bremen,
550,"Saathoff, Johann",1967,SPD,"Wahlkreis 024 (52,8 %)",Land Niedersachsen,
551,"Sacher, Michael",1964,GRÜNE,Land Nordrhein-Westfalen,Wahlkreis 144,
552,"Saleh, Kassem Taher",1993,GRÜNE,Land Sachsen,Wahlkreis 159,
553,"dos Santos Firnhaber, Catarina",1994,CDU,Land Nordrhein-Westfalen,Wahlkreis 088,
554,"Sattelberger, Thomas Michael (Mandat verzichtet)",1949,FDP,Land Bayern,Wahlkreis 219,
555,"Sauter, Christian",1980,FDP,Land Nordrhein-Westfalen,Wahlkreis 135,
556,"Schäfer, Axel Helmut",1952,SPD,"Wahlkreis 140 (38,3 %)",Land Nordrhein-Westfalen,
557,"Schäfer, Ingo",1965,SPD,"Wahlkreis 103 (32,6 %)",Land Nordrhein-Westfalen,
558,"Schäfer, Jamila Anna",1993,GRÜNE,"Wahlkreis 219 (27,5 %)",Land Bayern,
559,"Dr. Schäfer, Sebastian",1979,GRÜNE,Land Baden-Württemberg,Wahlkreis 261,
560,"Schäffler, Frank Uwe",1968,FDP,Land Nordrhein-Westfalen,Wahlkreis 134,
561,"Schamber, Rebecca",1975,SPD,"Wahlkreis 043 (33,7 %)",Land Niedersachsen,
562,"Schattner, Bernd Hans",1968,AfD,Land Rheinland-Pfalz,Wahlkreis 211,
563,"Schätzl, Johannes",1993,SPD,Land Bayern,Wahlkreis 229,
564,"Dr. Schäuble, Wolfgang (verstorben)",1942,CDU,"Wahlkreis 284 (34,9 %)",Land Baden-Württemberg,
565,"Schauws, Ursula",1966,GRÜNE,Land Nordrhein-Westfalen,Wahlkreis 114,
566,"Dr. Scheer, Nina",1971,SPD,"Wahlkreis 010 (31,0 %)",Land Schleswig-Holstein,
567,"Dr. Schenderlein, Christiane",1981,CDU,Land Sachsen,Wahlkreis 151,
568,"Scheuer, Andreas Franz",1974,CSU,"Wahlkreis 229 (30,7 %)",Land Bayern,
569,"Schieder, Marianne",1962,SPD,Land Bayern,Wahlkreis 234,
570,"Schiefner, Udo",1959,SPD,Land Nordrhein-Westfalen,Wahlkreis 111,
571,"Schielke-Ziesing, Ulrike",1969,AfD,Land Mecklenburg-Vorpommern,Wahlkreis 017,
572,"Schierenbeck, Peggy",1970,SPD,Land Niedersachsen,Wahlkreis 033,
573,"Schimke, Jana",1979,CDU,Land Brandenburg,Wahlkreis 062,
574,"Schisanowski, Timo",1981,SPD,"Wahlkreis 138 (33,3 %)",Land Nordrhein-Westfalen,
575,"Schmid, Christoph Florian",1976,SPD,Land Bayern,Wahlkreis 254,
576,"Dr. Schmid, Nils Hermann",1973,SPD,Land Baden-Württemberg,Wahlkreis 262,
577,"Schmidt, Dagmar",1973,SPD,"Wahlkreis 172 (33,1 %)",Land Hessen,
578,"Schmidt, Eugen",1975,AfD,Land Nordrhein-Westfalen,Wahlkreis 091,
579,"Schmidt, Jan Wenzel",1991,AfD,Land Sachsen-Anhalt,Wahlkreis 067,
580,"Schmidt, Stefan",1981,GRÜNE,Land Bayern,Wahlkreis 233,
581,"Schmidt, Uwe",1966,SPD,"Wahlkreis 055 (36,9 %)",Land Bremen,
582,"Schneider, Carsten",1976,SPD,"Wahlkreis 193 (24,4 %)",Land Thüringen,
583,"Schneider, Daniel Dominik",1976,SPD,"Wahlkreis 029 (36,8 %)",Land Niedersachsen,
584,"Schneider, Jörg",1964,AfD,Land Nordrhein-Westfalen,Wahlkreis 123,
585,"Schnieder, Patrick",1968,CDU,"Wahlkreis 202 (37,8 %)",Land Rheinland-Pfalz,
586,"Scholz, Olaf",1958,SPD,"Wahlkreis 061 (34,0 %)",Land Brandenburg,
587,"Schönberger, Marlene Edeltraud",1990,GRÜNE,Land Bayern,Wahlkreis 230,
588,"Schraps, Johannes",1983,SPD,"Wahlkreis 046 (43,2 %)",Land Niedersachsen,
589,"Schreider, Christian Willi Heribert",1971,SPD,"Wahlkreis 207 (32,8 %)",Land Rheinland-Pfalz,
590,"Schreiner, Felix",1986,CDU,"Wahlkreis 288 (33,6 %)",,
591,"Schröder, Christina-Johanne",1983,GRÜNE,Land Niedersachsen,Wahlkreis 028,
592,"Schröder, Ria Irmtraut Claudia",1992,FDP,Land Hamburg,,
593,"Schrodi, Michael Georg",1977,SPD,Land Bayern,Wahlkreis 215,
594,"Schulz, Anja",1985,FDP,Land Niedersachsen,Wahlkreis 044,
595,"Schulz, Uwe",1961,AfD,Land Hessen,Wahlkreis 173,
596,"Schulz-Asche, Kordula Anna Paula",1956,GRÜNE,Land Hessen,Wahlkreis 181,
597,"Schulze, Svenja",1968,SPD,Land Nordrhein-Westfalen,Wahlkreis 129,
598,"Schwabe, Frank",1970,SPD,"Wahlkreis 121 (41,0 %)",Land Nordrhein-Westfalen,
599,"Schwartze, Stefan",1974,SPD,"Wahlkreis 133 (36,5 %)",Land Nordrhein-Westfalen,
600,"Schwarz, Andreas",1965,SPD,Land Bayern,Wahlkreis 236,
601,"Schwarz, Armin (Mandat verzichtet)",1968,CDU,Land Hessen,Wahlkreis 167,
602,"Schwarzelühr-Sutter, Rita Berta",1962,SPD,Land Baden-Württemberg,Wahlkreis 288,
603,"Seestern-Pauly, Matthias",1984,FDP,Land Niedersachsen,Wahlkreis 038,
604,"Seidler, Stefan",1979,SSW,Land Schleswig-Holstein,Wahlkreis 001,
605,"Seif, Detlef",1962,CDU,"Wahlkreis 092 (34,6 %)",Land Nordrhein-Westfalen,
606,"Prof. Dr. Seiter, Stephan",1963,FDP,Land Baden-Württemberg,Wahlkreis 264,
607,"Seitz, Thomas Michael Konrad",1967,AfD,Land Baden-Württemberg,Wahlkreis 283,
608,"Dr. Seitzl, Lina",1989,SPD,Land Baden-Württemberg,Wahlkreis 287,
609,"Sekmen, Melis",1993,GRÜNE,Land Baden-Württemberg,Wahlkreis 275,
610,"Semet, Rainer",1957,FDP,Land Baden-Württemberg,Wahlkreis 279,
611,"Sichert, Martin Johannes",1980,AfD,Land Bayern,Wahlkreis 244,
612,"Silberhorn, Thomas",1968,CSU,"Wahlkreis 236 (37,0 %)",,
613,"Simon, Björn Manuel",1981,CDU,"Wahlkreis 185 (27,8 %)",Land Hessen,
614,"Dr. Sitte, Petra",1960,DIE LINKE,Land Sachsen-Anhalt,Wahlkreis 072,
615,"Skudelny, Judith Sandra",1975,FDP,Land Baden-Württemberg,Wahlkreis 258,
616,"Slawik, Nyke",1994,GRÜNE,Land Nordrhein-Westfalen,Wahlkreis 101,
617,"Sorge, Tino",1975,CDU,Land Sachsen-Anhalt,Wahlkreis 069,
618,"Spahn, Jens Georg",1980,CDU,"Wahlkreis 124 (40,0 %)",Land Nordrhein-Westfalen,
619,"Dr. Spallek, Anne Monika",1968,GRÜNE,Land Nordrhein-Westfalen,Wahlkreis 127,
620,"Dr. Spaniel, Dirk",1971,AfD,Land Baden-Württemberg,Wahlkreis 258,
621,"Spellerberg, Merle",1996,GRÜNE,Land Sachsen,Wahlkreis 160,
622,"Springer, René",1979,AfD,Land Brandenburg,,
623,"Stadler, Svenja",1976,SPD,"Wahlkreis 036 (31,0 %)",Land Niedersachsen,
624,"Staffler, Katrin",1981,CSU,"Wahlkreis 215 (38,0 %)",Land Bayern,
625,"Stamm-Fibich, Martina Margarete",1965,SPD,Land Bayern,Wahlkreis 242,
626,"Stark-Watzinger, Bettina",1968,FDP,Land Hessen,Wahlkreis 181,
627,"Dr. Steffen, Till Benjamin",1973,GRÜNE,"Wahlkreis 020 (29,8 %)",Land Hamburg,
628,"Dr. Stefinger, Wolfgang Dieter",1985,CSU,"Wahlkreis 218 (31,7 %)",,
629,"Stegemann, Albert",1976,CDU,"Wahlkreis 031 (40,5 %)",Land Niedersachsen,
630,"Dr. Stegner, Ralf",1959,SPD,"Wahlkreis 007 (31,2 %)",Land Schleswig-Holstein,
631,"Stein, Jens Mathias",1970,SPD,"Wahlkreis 005 (29,5 %)",Land Schleswig-Holstein,
632,"Steiniger, Johannes Eberhard",1987,CDU,"Wahlkreis 208 (30,2 %)",Land Rheinland-Pfalz,
633,"Steinmüller, Hanna",1993,GRÜNE,"Wahlkreis 075 (30,6 %)",Land Berlin,
634,"Freiherr von Stetten, Christian Alexander",1970,CDU,"Wahlkreis 268 (32,1 %)",,
635,"Sthamer, Nadja",1990,SPD,Land Sachsen,Wahlkreis 153,
636,"Stier, Dieter",1964,CDU,"Wahlkreis 073 (26,3 %)",Land Sachsen-Anhalt,
637,"Stöber, Klaus",1961,AfD,"Wahlkreis 190 (24,8 %)",,
638,"Stöcker, Diana Iris",1970,CDU,"Wahlkreis 282 (25,2 %)",,
639,"Stockmeier, Konrad Johann Lorenz",1977,FDP,Land Baden-Württemberg,Wahlkreis 275,
640,"von Storch, Beatrix",1971,AfD,Land Berlin,Wahlkreis 075,
641,"Storjohann, Gero (verstorben)",1958,CDU,Land Schleswig-Holstein,Wahlkreis 008,
642,"Stracke, Stephan",1974,CSU,"Wahlkreis 257 (38,8 %)",,
643,"Dr. Strack-Zimmermann, Marie-Agnes",1958,FDP,Land Nordrhein-Westfalen,Wahlkreis 106,
644,"Strasser, Benjamin",1987,FDP,Land Baden-Württemberg,Wahlkreis 294,
645,"Straubinger, Max",1954,CSU,"Wahlkreis 230 (35,1 %)",,
646,"Dr. Strengmann-Kuhn, Wolfgang",1964,GRÜNE,Land Hessen,Wahlkreis 185,
647,"Stumpp, Christina Daniela",1987,CDU,"Wahlkreis 264 (29,0 %)",,
648,"Tatti, Jessica Nadine",1981,DIE LINKE,Land Baden-Württemberg,Wahlkreis 289,
649,"Tausend, Claudia Rosina",1964,SPD,Land Bayern,Wahlkreis 218,
650,"Dr. Tebroke, Hermann-Josef Johann",1964,CDU,"Wahlkreis 100 (30,0 %)",Land Nordrhein-Westfalen,
651,"Tesfaiesus, Awet",1974,GRÜNE,Land Hessen,Wahlkreis 169,
652,"Teuteberg, Linda",1981,FDP,Land Brandenburg,Wahlkreis 061,
653,"Teutrine, Jens",1993,FDP,Land Nordrhein-Westfalen,Wahlkreis 133,
654,"Theurer, Michael Alexander",1967,FDP,Land Baden-Württemberg,Wahlkreis 271,
655,"Thews, Michael Eckardt",1964,SPD,"Wahlkreis 145 (40,6 %)",Land Nordrhein-Westfalen,
656,"Thies, Hans-Jürgen",1955,CDU,"Wahlkreis 146 (33,1 %)",Land Nordrhein-Westfalen,
657,"Thomae, Stephan",1968,FDP,Land Bayern,Wahlkreis 256,
658,"Throm, Alexander Richard",1968,CDU,"Wahlkreis 267 (27,8 %)",Land Baden-Württemberg,
659,"Tillmann, Antje",1964,CDU,Land Thüringen,Wahlkreis 193,
660,"Timmermann-Fechter, Astrid",1963,CDU,Land Nordrhein-Westfalen,Wahlkreis 118,
661,"Tippelt, Nico",1967,FDP,Land Sachsen,Wahlkreis 165,
662,"Todtenhausen, Manfred",1950,FDP,Land Nordrhein-Westfalen,Wahlkreis 102,
663,"Dr. Toncar, Florian",1979,FDP,Land Baden-Württemberg,Wahlkreis 260,
664,"Töns, Markus",1964,SPD,"Wahlkreis 123 (40,5 %)",Land Nordrhein-Westfalen,
665,"Träger, Carsten Dietmar",1973,SPD,Land Bayern,Wahlkreis 243,
666,"Trittin, Jürgen (Mandat verzichtet)",1954,GRÜNE,Land Niedersachsen,Wahlkreis 053,
667,"Troff-Schaffarzyk, Anja",1969,SPD,Land Niedersachsen,Wahlkreis 025,
668,"Türk-Nachbaur, Derya",1973,SPD,Land Baden-Württemberg,Wahlkreis 286,
669,"Uhlig, Katrin Babette",1982,GRÜNE,"Wahlkreis 096 (25,2 %)",Land Nordrhein-Westfalen,
670,"Prof. Dr. Ullmann, Andrew John",1963,FDP,Land Bayern,Wahlkreis 251,
671,"Ullrich, Frank",1958,SPD,"Wahlkreis 196 (33,6 %)",Land Thüringen,
672,"Ullrich, Gerald",1962,FDP,Land Thüringen,Wahlkreis 196,
673,"Dr. Ullrich, Volker Michael",1975,CSU,"Wahlkreis 252 (28,1 %)",Land Bayern,
674,"Ulrich, Alexander",1971,DIE LINKE,Land Rheinland-Pfalz,Wahlkreis 209,
675,"Dr. Verlinden, Julia Maria Kornelia",1979,GRÜNE,Land Niedersachsen,Wahlkreis 037,
676,"Vieregge, Kerstin",1976,CDU,Land Nordrhein-Westfalen,Wahlkreis 135,
677,"Vogel, Johannes",1982,FDP,Land Nordrhein-Westfalen,Wahlkreis 149,
678,"Vogler, Kathrin",1963,DIE LINKE,Land Nordrhein-Westfalen,Wahlkreis 128,
679,"Dr. Vogt, Oliver",1977,CDU,Land Nordrhein-Westfalen,Wahlkreis 134,
680,"Völlers, Marja-Liisa",1984,SPD,"Wahlkreis 040 (35,3 %)",Land Niedersachsen,
681,"Vöpel, Dirk",1971,SPD,"Wahlkreis 117 (38,8 %)",Land Nordrhein-Westfalen,
682,"de Vries, Christoph Bernhard",1974,CDU,Land Hamburg,Wahlkreis 018,
683,"Dr. Wadephul, Johann David",1963,CDU,Land Schleswig-Holstein,Wahlkreis 004,
684,"Wagener, Niklas",1998,GRÜNE,Land Bayern,Wahlkreis 247,
685,"Wagener, Robin Till Nils Johannes",1980,GRÜNE,Land Nordrhein-Westfalen,Wahlkreis 135,
686,"Dr. Wagenknecht, Sahra",1969,DIE LINKE,Land Nordrhein-Westfalen,,
687,"Dr. Wagner, Carolin",1982,SPD,Land Bayern,Wahlkreis 233,
688,"Wagner, Johannes",1991,GRÜNE,Land Bayern,Wahlkreis 238,
689,"Wallstein, Maja Scarlett",1986,SPD,"Wahlkreis 064 (27,6 %)",Land Brandenburg,
690,"Walter, Hannes Artur Gerhard",1984,SPD,"Wahlkreis 065 (25,4 %)",Land Brandenburg,
691,"Walter-Rosenheimer, Beate",1964,GRÜNE,Land Bayern,Wahlkreis 215,
692,"Wanderwitz, Marco",1975,CDU,Land Sachsen,Wahlkreis 163,
693,"Warken, Nina Ingrid",1979,CDU,"Wahlkreis 276 (35,8 %)",,
694,"Weeser, Sandra",1969,FDP,Land Rheinland-Pfalz,Wahlkreis 197,
695,"Wegge, Carmen",1989,SPD,Land Bayern,Wahlkreis 224,
696,"Wegling, Melanie",1990,SPD,"Wahlkreis 184 (33,5 %)",Land Hessen,
697,"Weidel, Alice Elisabeth",1979,AfD,Land Baden-Württemberg,Wahlkreis 293,
698,"Dr. Weingarten, Joe",1962,SPD,"Wahlkreis 201 (33,0 %)",Land Rheinland-Pfalz,
699,"Dr. Weisgerber, Anja",1976,CSU,"Wahlkreis 250 (40,9 %)",Land Bayern,
700,"Weishaupt, Saskia Lea Raquel",1993,GRÜNE,Land Bayern,,
701,"Weiss, Maria-Lena",1981,CDU,"Wahlkreis 285 (31,5 %)",,
702,"Weiss, Sabine Katharina",1958,CDU,Land Nordrhein-Westfalen,Wahlkreis 113,
703,"Wenzel, Peer Stefan",1962,GRÜNE,Land Niedersachsen,Wahlkreis 029,
704,"Werner, Lena",1994,SPD,Land Rheinland-Pfalz,Wahlkreis 202,
705,"Westig, Nicole",1967,FDP,Land Nordrhein-Westfalen,Wahlkreis 098,
706,"Westphal, Bernd Helmut",1960,SPD,"Wahlkreis 048 (38,7 %)",Land Niedersachsen,
707,"Dr. Weyel, Harald",1959,AfD,Land Nordrhein-Westfalen,Wahlkreis 100,
708,"Whittaker, Kai Thorsten",1985,CDU,"Wahlkreis 273 (33,2 %)",,
709,"Widmann-Mauz, Annette",1966,CDU,"Wahlkreis 290 (27,0 %)",Land Baden-Württemberg,
710,"Wiehle, Wolfgang",1964,AfD,Land Bayern,Wahlkreis 219,
711,"Dr. Wiener, Klaus",1962,CDU,"Wahlkreis 104 (30,0 %)",Land Nordrhein-Westfalen,
712,"Wiese, Dirk",1983,SPD,Land Nordrhein-Westfalen,Wahlkreis 147,
713,"Willsch, Klaus-Peter",1961,CDU,"Wahlkreis 178 (30,2 %)",Land Hessen,
714,"Winkelmeier-Becker, Elisabeth",1962,CDU,"Wahlkreis 097 (32,6 %)",Land Nordrhein-Westfalen,
715,"Winkler, Tobias",1978,CSU,"Wahlkreis 243 (33,5 %)",Land Bayern,
716,"Winklmann, Tina",1980,GRÜNE,Land Bayern,Wahlkreis 234,
717,"Dr. Wirth, Christian Friedrich",1963,AfD,Land Saarland,Wahlkreis 299,
718,"Dr. Wissing, Volker",1970,FDP,Land Rheinland-Pfalz,Wahlkreis 211,
719,"Wißler, Janine Natalie",1981,DIE LINKE,Land Hessen,Wahlkreis 182,
720,"Witt, Uwe",1959,AfD,Land Schleswig-Holstein,Wahlkreis 009,
721,"Wittmann, Mechthilde",1967,CSU,"Wahlkreis 256 (29,7 %)",Land Bayern,
722,"Dr. Wollmann, Herbert",1951,SPD,"Wahlkreis 066 (27,5 %)",Land Sachsen-Anhalt,
723,"Wulf, Mareike Lotte",1979,CDU,Land Niedersachsen,Wahlkreis 046,
724,"Wundrak, Franz Josef Joachim",1955,AfD,Land Niedersachsen,Wahlkreis 026,
725,"Zeulner, Emmi",1987,CSU,"Wahlkreis 240 (47,8 %)",Land Bayern,
726,"Ziegler, Kay-Uwe",1963,AfD,"Wahlkreis 071 (24,2 %)",,
727,"Ziemiak, Paul",1985,CDU,"Wahlkreis 150 (33,6 %)",Land Nordrhein-Westfalen,
728,"Zierke, Stefan",1970,SPD,"Wahlkreis 057 (29,6 %)",Land Brandenburg,
729,"Dr. Zimmermann, Jens",1981,SPD,"Wahlkreis 187 (32,3 %)",Land Hessen,
730,"Zippelius, Nicolas Benjamin",1987,CDU,"Wahlkreis 272 (30,4 %)",,
731,"Zorn, Armand",1988,SPD,"Wahlkreis 182 (29,0 %)",Land Hessen,
732,"Zschau, Katrin",1976,SPD,"Wahlkreis 014 (27,0 %)",Land Mecklenburg-Vorpommern,
