Jahr,Flensburg (Stadt),Kiel (Stadt),Lübeck (Stadt),Neumünster (Stadt),Dithmarschen,Herzogtum Lauenburg,Nordfriesland,Ostholstein,Pinneberg,Plön,Rendsburg-Eckernförde,Schleswig-Flensburg,Segeberg,Steinburg,Stormarn,Hamburg (Stadt),Braunschweig (Stadt),Salzgitter (Stadt),Wolfsburg (Stadt),Gifhorn,Goslar,Helmstedt,Northeim,Peine,Wolfenbüttel,Göttingen,Region Hannover,Diepholz,Hameln-Pyrmont,Hildesheim,Holzminden,Nienburg (Weser),Schaumburg,Celle,Cuxhaven,Harburg,Lüchow-Dannenberg,Lüneburg,Osterholz,Rotenburg (Wümme),Heidekreis,Stade,Uelzen,Verden,Delmenhorst (Stadt),Emden (Stadt),Oldenburg (Oldenburg) (Stadt),Osnabrück (Stadt),Wilhelmshaven (Stadt),Ammerland,Aurich,Cloppenburg,Emsland,Friesland,Grafschaft Bentheim,Leer,Oldenburg,Osnabrück,Vechta,Wesermarsch,Wittmund,Bremen (Stadt),Bremerhaven (Stadt),Düsseldorf (Stadt),Duisburg (Stadt),Essen (Stadt),Krefeld (Stadt),Mönchengladbach (Stadt),Mülheim an der Ruhr (Stadt),Oberhausen (Stadt),Remscheid (Stadt),Solingen (Stadt),Wuppertal (Stadt),Kleve,Mettmann,Rhein-Kreis Neuss,Viersen,Wesel,Bonn (Stadt),Köln (Stadt),Leverkusen (Stadt),Städteregion Aachen,Düren,Rhein-Erft-Kreis,Euskirchen,Heinsberg,Oberbergischer Kreis,Rheinisch-Bergischer Kreis,Rhein-Sieg-Kreis,Bottrop (Stadt),Gelsenkirchen (Stadt),Münster (Stadt),Borken,Coesfeld,Recklinghausen,Steinfurt,Warendorf,Bielefeld (Stadt),Gütersloh,Herford,Höxter,Lippe,Minden-Lübbecke,Paderborn,Bochum (Stadt),Dortmund (Stadt),Hagen (Stadt),Hamm (Stadt),Herne (Stadt),Ennepe-Ruhr-Kreis,Hochsauerlandkreis,Märkischer Kreis,Olpe,Siegen-Wittgenstein,Soest,Unna,Darmstadt (Stadt),Frankfurt am Main (Stadt),Offenbach am Main (Stadt),Wiesbaden (Stadt),Bergstraße,Darmstadt-Dieburg,Groß-Gerau,Hochtaunuskreis,Main-Kinzig-Kreis,Main-Taunus-Kreis,Odenwaldkreis,Offenbach,Rheingau-Taunus-Kreis,Wetteraukreis,Gießen,Lahn-Dill-Kreis,Limburg-Weilburg,Marburg-Biedenkopf,Vogelsbergkreis,Kassel (Stadt),Fulda,Hersfeld-Rotenburg,Kassel,Schwalm-Eder-Kreis,Waldeck-Frankenberg,Werra-Meißner-Kreis,NA,Koblenz (Stadt),Ahrweiler,Altenkirchen (Westerwald),Bad Kreuznach,Birkenfeld,Cochem-Zell,Mayen-Koblenz,Neuwied,Rhein-Hunsrück-Kreis,Rhein-Lahn-Kreis,Westerwaldkreis,Trier (Stadt),Bernkastel-Wittlich,Eifelkreis Bitburg-Prüm,Vulkaneifel,Trier-Saarburg,Frankenthal (Pfalz) (Stadt),Kaiserslautern (Stadt),Landau in der Pfalz (Stadt),Ludwigshafen am Rhein (Stadt),Mainz (Stadt),Neustadt an der Weinstraße (Stadt),Pirmasens (Stadt),Speyer (Stadt),Worms (Stadt),Zweibrücken (Stadt),Alzey-Worms,Bad Dürkheim,Donnersbergkreis,Germersheim,Kaiserslautern,Kusel,Südliche Weinstraße,Rhein-Pfalz-Kreis,Mainz-Bingen,Südwestpfalz,Stuttgart (Stadt),Böblingen,Esslingen,Göppingen,Ludwigsburg,Rems-Murr-Kreis,Heilbronn (Stadt),Heilbronn,Hohenlohekreis,Schwäbisch Hall,Main-Tauber-Kreis,Heidenheim,Ostalbkreis,Baden-Baden (Stadt),Karlsruhe (Stadt),Karlsruhe,Rastatt,Heidelberg (Stadt),Mannheim (Stadt),Neckar-Odenwald-Kreis,Rhein-Neckar-Kreis,Pforzheim (Stadt),Calw,Enzkreis,Freudenstadt,Freiburg im Breisgau (Stadt),Breisgau-Hochschwarzwald,Emmendingen,Ortenaukreis,Rottweil,Schwarzwald-Baar-Kreis,Tuttlingen,Konstanz,Lörrach,Waldshut,Reutlingen,Tübingen,Zollernalbkreis,Ulm (Stadt),Alb-Donau-Kreis,Biberach,Bodenseekreis,Ravensburg,Sigmaringen,Ingolstadt (Stadt),München (Stadt),Rosenheim (Stadt),Altötting,Berchtesgadener Land,Bad Tölz-Wolfratshausen,Dachau,Ebersberg,Eichstätt,Erding,Freising,Fürstenfeldbruck,Garmisch-Partenkirchen,Landsberg am Lech,Miesbach,Mühldorf a.Inn,München,Neuburg-Schrobenhausen,Pfaffenhofen a.d.Ilm,Rosenheim,Starnberg,Traunstein,Weilheim-Schongau,Landshut (Stadt),Passau (Stadt),Straubing (Stadt),Deggendorf,Freyung-Grafenau,Kelheim,Landshut,Passau,Regen,Rottal-Inn,Straubing-Bogen,Dingolfing-Landau,Amberg (Stadt),Regensburg (Stadt),Weiden i.d.OPf. (Stadt),Amberg-Sulzbach,Cham,Neumarkt i.d.OPf.,Neustadt a.d.Waldnaab,Regensburg,Schwandorf,Tirschenreuth,Bamberg (Stadt),Bayreuth (Stadt),Coburg (Stadt),Hof (Stadt),Bamberg,Bayreuth,Coburg,Forchheim,Hof,Kronach,Kulmbach,Lichtenfels,Wunsiedel i.Fichtelgebirge,Ansbach (Stadt),Erlangen (Stadt),Fürth (Stadt),Nürnberg (Stadt),Schwabach (Stadt),Ansbach,Erlangen-Höchstadt,Fürth,Nürnberger Land,Neustadt a.d.Aisch-Bad Windsheim,Roth,Weißenburg-Gunzenhausen,Aschaffenburg (Stadt),Schweinfurt (Stadt),Würzburg (Stadt),Aschaffenburg,Bad Kissingen,Rhön-Grabfeld,Haßberge,Kitzingen,Miltenberg,Main-Spessart,Schweinfurt,Würzburg,Augsburg (Stadt),Kaufbeuren (Stadt),Kempten (Allgäu) (Stadt),Memmingen (Stadt),Aichach-Friedberg,Augsburg,Dillingen a.d.Donau,Günzburg,Neu-Ulm,Lindau (Bodensee),Ostallgäu,Unterallgäu,Donau-Ries,Oberallgäu,Regionalverband Saarbrücken,Merzig-Wadern,Neunkirchen,Saarlouis,Saarpfalz-Kreis,St. Wendel,Berlin (Stadt),Brandenburg an der Havel (Stadt),Cottbus (Stadt),Frankfurt (Oder) (Stadt),Potsdam (Stadt),Barnim,Dahme-Spreewald,Elbe-Elster,Havelland,Märkisch-Oderland,Oberhavel,Oberspreewald-Lausitz,Oder-Spree,Ostprignitz-Ruppin,Potsdam-Mittelmark,Prignitz,Spree-Neiße,Teltow-Fläming,Uckermark,Rostock (Stadt),Schwerin (Stadt),Mecklenburgische Seenplatte,Landkreis Rostock,Vorpommern-Rügen,Nordwestmecklenburg,Vorpommern-Greifswald,Ludwigslust-Parchim,Chemnitz (Stadt),Erzgebirgskreis,Mittelsachsen,Vogtlandkreis,Zwickau,Dresden (Stadt),Bautzen,Görlitz,Meißen,Sächsische Schweiz-Osterzgebirge,Leipzig (Stadt),Leipzig,Nordsachsen,Dessau-Roßlau (Stadt),Halle (Saale) (Stadt),Magdeburg (Stadt),Altmarkkreis Salzwedel,Anhalt-Bitterfeld,Börde,Burgenlandkreis,Harz,Jerichower Land,Mansfeld-Südharz,Saalekreis,Salzlandkreis,Stendal,Wittenberg,Erfurt (Stadt),Gera (Stadt),Jena (Stadt),Suhl (Stadt),Weimar (Stadt),Eisenach (Stadt),Eichsfeld,Nordhausen,Wartburgkreis,Unstrut-Hainich-Kreis,Kyffhäuserkreis,Schmalkalden-Meiningen,Gotha,Sömmerda,Hildburghausen,Ilm-Kreis,Weimarer Land,Sonneberg,Saalfeld-Rudolstadt,Saale-Holzland-Kreis,Saale-Orla-Kreis,Greiz,Altenburger Land
1987,NA,NA,NA,NA,NA,NA,NA,NA,NA,NA,NA,65,NA,NA,NA,NA,NA,NA,NA,NA,NA,NA,NA,NA,NA,NA,NA,NA,NA,NA,NA,NA,NA,NA,NA,NA,NA,NA,NA,NA,NA,NA,NA,NA,NA,NA,NA,NA,NA,NA,NA,NA,NA,NA,NA,NA,NA,NA,NA,NA,NA,NA,NA,NA,NA,NA,NA,NA,NA,NA,NA,NA,NA,NA,NA,NA,NA,NA,NA,NA,NA,NA,NA,NA,NA,NA,NA,NA,NA,NA,NA,NA,NA,NA,NA,NA,NA,NA,NA,NA,NA,NA,NA,NA,NA,NA,NA,NA,NA,NA,NA,NA,NA,NA,NA,NA,NA,NA,NA,NA,NA,NA,NA,NA,NA,NA,NA,NA,NA,NA,NA,NA,NA,NA,NA,NA,NA,NA,NA,NA,NA,NA,NA,NA,NA,NA,NA,NA,NA,NA,NA,NA,NA,NA,NA,NA,NA,NA,NA,NA,NA,NA,NA,NA,NA,NA,NA,NA,NA,NA,NA,NA,NA,NA,NA,NA,NA,NA,NA,NA,NA,NA,NA,NA,NA,NA,NA,NA,NA,NA,NA,NA,NA,NA,NA,NA,NA,NA,NA,NA,NA,NA,NA,NA,NA,NA,NA,NA,NA,NA,NA,NA,NA,NA,NA,NA,NA,NA,NA,NA,NA,NA,NA,NA,NA,NA,NA,NA,NA,NA,NA,NA,NA,NA,NA,NA,NA,NA,NA,NA,NA,NA,NA,NA,NA,NA,NA,NA,NA,NA,NA,NA,NA,NA,NA,NA,NA,NA,NA,NA,NA,NA,NA,NA,NA,NA,NA,NA,NA,NA,NA,NA,NA,NA,NA,NA,NA,NA,NA,NA,NA,NA,NA,NA,NA,NA,NA,NA,NA,NA,NA,NA,NA,NA,NA,NA,NA,NA,NA,NA,NA,NA,NA,NA,NA,NA,NA,NA,NA,NA,NA,NA,NA,NA,NA,NA,NA,NA,NA,NA,NA,NA,NA,NA,NA,NA,NA,NA,NA,NA,NA,NA,NA,NA,NA,NA,NA,NA,NA,NA,NA,NA,NA,NA,NA,NA,NA,NA,NA,NA,NA,NA,NA,NA,NA,NA,NA,NA,NA,NA,NA,NA,NA,NA,NA,NA,NA,NA,NA,NA,NA,NA,NA,NA,NA,NA,NA,NA,NA,NA,NA,NA,NA,NA,NA,NA,NA,NA,NA,NA,NA,NA,NA,NA,NA,NA,NA,NA,NA,NA,NA,NA
1988,NA,NA,NA,NA,NA,NA,380,NA,NA,NA,NA,265,NA,NA,NA,NA,NA,NA,NA,NA,NA,NA,NA,NA,NA,NA,NA,NA,NA,NA,NA,NA,NA,NA,NA,NA,NA,NA,NA,NA,NA,NA,NA,NA,NA,NA,NA,NA,NA,NA,NA,NA,NA,75,NA,NA,NA,NA,NA,NA,NA,NA,NA,NA,NA,NA,NA,NA,NA,NA,NA,NA,NA,NA,NA,NA,NA,NA,NA,NA,NA,NA,NA,NA,NA,NA,NA,NA,NA,NA,NA,NA,NA,NA,NA,NA,NA,NA,NA,NA,NA,NA,NA,NA,NA,NA,NA,NA,NA,NA,NA,NA,NA,NA,NA,NA,NA,NA,NA,NA,NA,NA,NA,NA,NA,NA,NA,NA,NA,NA,NA,NA,NA,NA,NA,NA,NA,NA,NA,NA,NA,NA,NA,NA,NA,NA,NA,NA,NA,NA,NA,NA,NA,NA,NA,NA,NA,NA,NA,NA,NA,NA,NA,NA,NA,NA,NA,NA,NA,NA,NA,NA,NA,NA,NA,NA,NA,NA,NA,NA,NA,NA,NA,NA,NA,NA,NA,NA,NA,NA,NA,NA,NA,NA,NA,NA,NA,NA,NA,NA,NA,NA,NA,NA,NA,NA,NA,NA,NA,NA,NA,NA,NA,NA,NA,NA,NA,NA,NA,NA,NA,NA,NA,NA,NA,NA,NA,NA,NA,NA,NA,NA,NA,NA,NA,NA,NA,NA,NA,NA,NA,NA,NA,NA,NA,NA,NA,NA,NA,NA,NA,NA,NA,NA,NA,NA,NA,NA,NA,NA,NA,NA,NA,NA,NA,NA,NA,NA,NA,NA,NA,NA,NA,NA,NA,NA,NA,NA,NA,NA,NA,NA,NA,NA,NA,NA,NA,NA,NA,NA,NA,NA,NA,NA,NA,NA,NA,NA,NA,NA,NA,NA,NA,NA,NA,NA,NA,NA,NA,NA,NA,NA,NA,NA,NA,NA,NA,NA,NA,NA,NA,NA,NA,NA,NA,NA,NA,NA,NA,NA,NA,NA,NA,NA,NA,NA,NA,NA,NA,NA,NA,NA,NA,NA,NA,NA,NA,NA,NA,NA,NA,NA,NA,NA,NA,NA,NA,NA,NA,NA,NA,NA,NA,NA,NA,NA,NA,NA,NA,NA,NA,NA,NA,NA,NA,NA,NA,NA,NA,NA,NA,NA,NA,NA,NA,NA,NA,NA,NA,NA,NA,NA,NA,NA,NA,NA,NA,NA,NA,NA,NA,NA
1989,NA,NA,NA,NA,NA,NA,380,250,NA,NA,NA,465,NA,NA,NA,NA,NA,NA,NA,NA,NA,NA,NA,NA,NA,NA,NA,NA,NA,NA,NA,NA,NA,NA,NA,NA,NA,NA,NA,NA,NA,NA,NA,NA,NA,NA,NA,NA,NA,NA,NA,NA,NA,75,NA,NA,NA,NA,NA,55,NA,NA,NA,NA,NA,NA,NA,NA,NA,NA,NA,NA,NA,NA,NA,NA,NA,50,NA,NA,NA,NA,NA,NA,NA,NA,NA,NA,NA,NA,NA,NA,NA,NA,NA,NA,NA,NA,NA,80,NA,NA,NA,NA,NA,NA,NA,NA,NA,NA,NA,50,NA,NA,NA,NA,NA,NA,NA,NA,NA,NA,NA,NA,NA,NA,NA,NA,NA,NA,NA,NA,NA,NA,NA,NA,NA,NA,NA,NA,NA,NA,NA,NA,NA,NA,NA,NA,NA,NA,NA,NA,NA,NA,NA,NA,NA,NA,NA,NA,NA,NA,NA,NA,NA,NA,NA,NA,NA,NA,NA,NA,NA,NA,NA,NA,NA,NA,NA,NA,NA,NA,NA,NA,NA,NA,NA,NA,NA,NA,NA,NA,NA,NA,NA,NA,NA,NA,NA,NA,NA,NA,NA,NA,NA,NA,NA,NA,NA,NA,NA,NA,NA,NA,NA,NA,NA,NA,NA,NA,NA,NA,NA,NA,NA,NA,NA,NA,NA,NA,NA,NA,NA,NA,NA,NA,NA,NA,NA,NA,NA,NA,NA,NA,NA,NA,NA,NA,NA,NA,NA,NA,NA,NA,36,NA,NA,NA,NA,NA,NA,NA,NA,NA,NA,NA,NA,NA,NA,NA,NA,NA,NA,NA,NA,NA,NA,NA,NA,NA,NA,NA,NA,NA,NA,NA,NA,NA,NA,NA,NA,NA,NA,NA,NA,NA,NA,NA,NA,NA,NA,NA,NA,NA,NA,NA,NA,NA,NA,NA,NA,NA,NA,NA,NA,NA,NA,NA,NA,NA,NA,NA,NA,NA,NA,NA,NA,NA,NA,NA,NA,NA,NA,NA,NA,NA,NA,NA,NA,NA,NA,NA,NA,NA,NA,NA,NA,NA,200,NA,NA,NA,NA,NA,NA,NA,NA,NA,NA,NA,NA,NA,NA,NA,NA,NA,NA,NA,NA,NA,NA,NA,NA,NA,NA,NA,NA,NA,NA,NA,NA,NA,NA,NA,NA,NA,NA,NA,NA,NA,NA,NA,NA,NA,NA,NA,NA,NA,NA,NA,NA,NA
1990,NA,75,NA,NA,NA,NA,780,400,NA,NA,NA,615,NA,NA,80,NA,NA,NA,NA,NA,NA,NA,NA,NA,NA,NA,NA,320,NA,NA,NA,NA,NA,NA,2625,NA,NA,NA,NA,300,NA,NA,NA,NA,NA,NA,NA,NA,NA,NA,160,NA,NA,225,NA,NA,NA,50,NA,130,NA,NA,NA,NA,NA,NA,NA,NA,NA,NA,NA,NA,NA,NA,NA,NA,NA,50,NA,NA,NA,NA,NA,NA,NA,NA,NA,NA,NA,NA,NA,NA,NA,NA,NA,NA,NA,NA,NA,80,NA,NA,75,NA,NA,NA,NA,NA,NA,NA,NA,50,NA,NA,NA,NA,NA,NA,NA,NA,NA,NA,NA,NA,NA,NA,NA,NA,NA,NA,NA,NA,NA,NA,NA,NA,NA,NA,NA,NA,NA,NA,NA,NA,NA,NA,NA,NA,NA,NA,NA,NA,NA,NA,NA,NA,NA,NA,NA,NA,NA,NA,NA,NA,NA,NA,NA,NA,NA,NA,NA,NA,NA,NA,NA,NA,NA,NA,NA,NA,NA,NA,NA,NA,NA,NA,NA,NA,NA,NA,NA,NA,NA,NA,NA,NA,NA,NA,NA,NA,NA,NA,NA,NA,NA,NA,NA,NA,NA,NA,NA,NA,NA,NA,NA,NA,NA,NA,NA,NA,NA,NA,NA,NA,NA,NA,NA,NA,NA,NA,NA,NA,NA,NA,NA,NA,NA,NA,NA,NA,NA,NA,NA,NA,NA,NA,NA,NA,NA,NA,NA,NA,NA,NA,36,NA,NA,NA,NA,NA,NA,NA,NA,NA,NA,NA,NA,150,NA,NA,NA,NA,NA,NA,NA,NA,NA,NA,NA,NA,NA,NA,NA,NA,NA,NA,NA,NA,NA,NA,NA,NA,NA,NA,NA,NA,NA,NA,NA,NA,NA,NA,NA,NA,NA,NA,NA,NA,NA,NA,NA,NA,NA,NA,NA,NA,NA,NA,NA,NA,NA,NA,NA,NA,NA,NA,NA,NA,NA,NA,NA,NA,NA,NA,NA,NA,NA,NA,NA,NA,NA,NA,NA,NA,NA,NA,NA,NA,200,NA,NA,NA,NA,NA,NA,NA,NA,NA,NA,NA,NA,NA,NA,NA,NA,NA,NA,NA,NA,NA,NA,NA,NA,NA,NA,NA,NA,NA,NA,NA,NA,NA,NA,NA,NA,NA,NA,NA,NA,NA,NA,NA,NA,NA,NA,NA,NA,NA,NA,NA,NA,NA
1991,NA,75,NA,NA,225,NA,780,850,NA,NA,175,1195,NA,NA,80,NA,NA,NA,NA,NA,75,NA,NA,NA,NA,NA,NA,470,NA,NA,NA,NA,NA,NA,2775,NA,NA,NA,NA,300,NA,NA,NA,NA,NA,NA,NA,NA,NA,NA,1840,NA,160,525,NA,NA,NA,50,NA,410,225,150,NA,NA,NA,NA,NA,NA,NA,NA,NA,NA,NA,NA,55,NA,NA,50,NA,NA,NA,NA,NA,NA,75,NA,NA,NA,NA,NA,NA,NA,380,NA,NA,140,NA,NA,NA,80,NA,NA,130,NA,NA,NA,NA,NA,NA,NA,150,50,NA,NA,NA,80,NA,NA,NA,NA,NA,NA,NA,NA,NA,NA,NA,NA,NA,NA,NA,NA,NA,NA,NA,NA,NA,NA,NA,NA,NA,NA,NA,NA,NA,NA,NA,NA,NA,NA,NA,NA,150,150,NA,NA,NA,900,NA,NA,NA,NA,NA,NA,NA,NA,NA,NA,NA,NA,NA,NA,NA,NA,NA,NA,NA,NA,NA,NA,NA,NA,NA,NA,NA,NA,NA,NA,NA,NA,NA,NA,NA,NA,NA,NA,NA,NA,NA,NA,NA,NA,NA,NA,NA,NA,NA,NA,NA,95,NA,NA,NA,NA,NA,NA,NA,NA,NA,NA,NA,NA,NA,NA,NA,NA,NA,NA,NA,NA,NA,NA,NA,NA,NA,NA,NA,NA,NA,NA,NA,NA,NA,NA,NA,NA,NA,NA,NA,NA,NA,NA,NA,NA,36,NA,NA,NA,NA,NA,NA,NA,NA,NA,NA,NA,NA,150,NA,NA,NA,NA,NA,NA,NA,NA,NA,NA,NA,NA,NA,NA,NA,NA,NA,NA,NA,NA,NA,NA,NA,NA,NA,NA,NA,NA,NA,NA,NA,NA,NA,NA,NA,NA,NA,NA,NA,NA,NA,NA,NA,NA,NA,NA,NA,NA,NA,NA,NA,NA,NA,NA,NA,NA,NA,NA,NA,NA,NA,NA,NA,NA,NA,NA,NA,NA,NA,NA,NA,NA,NA,NA,NA,NA,NA,NA,NA,NA,200,NA,NA,NA,NA,NA,NA,NA,NA,NA,NA,NA,NA,NA,NA,NA,NA,NA,NA,NA,NA,NA,NA,NA,NA,NA,NA,NA,NA,NA,NA,NA,NA,NA,NA,NA,NA,NA,NA,NA,NA,NA,NA,NA,NA,NA,NA,NA,NA,NA,NA,NA,NA,NA
1992,NA,75,NA,NA,225,NA,1205,1000,NA,NA,255,1720,NA,NA,380,NA,NA,NA,NA,NA,75,NA,NA,NA,NA,NA,NA,470,NA,NA,NA,NA,NA,NA,2775,100,NA,NA,NA,300,NA,12330,NA,NA,NA,NA,NA,NA,NA,NA,6443,160,400,2075,NA,NA,NA,130,NA,560,775,150,950,NA,NA,NA,NA,NA,NA,NA,NA,NA,NA,NA,135,NA,NA,50,NA,NA,NA,NA,NA,NA,75,NA,NA,NA,NA,NA,NA,NA,540,NA,NA,360,60,NA,80,365,NA,NA,510,600,NA,NA,NA,NA,NA,80,150,50,NA,NA,480,160,NA,NA,NA,NA,NA,NA,NA,NA,NA,NA,NA,NA,NA,NA,NA,NA,NA,NA,NA,NA,NA,NA,NA,NA,NA,NA,NA,NA,NA,NA,NA,NA,NA,NA,NA,NA,150,250,NA,NA,NA,900,NA,NA,NA,NA,NA,NA,NA,NA,NA,NA,NA,NA,NA,NA,NA,NA,NA,NA,NA,NA,NA,NA,NA,NA,NA,NA,NA,NA,NA,NA,NA,NA,NA,NA,NA,NA,NA,NA,NA,NA,NA,NA,NA,NA,NA,NA,NA,280,NA,NA,NA,95,NA,NA,NA,NA,NA,NA,NA,NA,NA,NA,NA,NA,NA,NA,NA,NA,NA,NA,NA,NA,NA,NA,NA,NA,NA,NA,NA,NA,NA,NA,NA,NA,NA,NA,NA,NA,NA,NA,NA,NA,NA,NA,NA,NA,36,NA,NA,NA,NA,NA,NA,NA,NA,NA,80,NA,NA,150,NA,NA,NA,NA,NA,NA,NA,NA,NA,NA,NA,NA,NA,NA,NA,NA,NA,NA,NA,NA,NA,NA,NA,NA,NA,NA,NA,NA,NA,NA,NA,NA,NA,NA,NA,NA,NA,NA,NA,NA,NA,NA,NA,NA,NA,NA,NA,NA,NA,NA,NA,NA,NA,NA,NA,NA,NA,NA,NA,NA,NA,NA,NA,NA,NA,NA,NA,NA,NA,73,NA,NA,NA,NA,300,NA,NA,NA,NA,NA,200,NA,NA,NA,NA,950,NA,NA,NA,NA,NA,NA,NA,NA,NA,NA,NA,NA,NA,NA,NA,NA,NA,NA,NA,NA,NA,NA,NA,NA,NA,NA,NA,NA,NA,NA,NA,NA,NA,NA,NA,NA,NA,NA,NA,NA,NA,NA,NA,NA,NA,NA,NA,NA
1993,100,75,NA,NA,2800,NA,1955,1580,NA,NA,255,2920,NA,NA,380,300,NA,NA,400,NA,75,NA,NA,NA,NA,NA,NA,770,NA,300,NA,450,NA,NA,7725,100,NA,NA,NA,300,NA,12330,NA,NA,NA,1000,NA,300,900,NA,11203,470,1600,6805,NA,NA,NA,670,NA,1235,1775,300,950,NA,NA,NA,NA,NA,NA,NA,NA,NA,NA,NA,135,NA,NA,50,NA,NA,NA,80,NA,NA,75,NA,NA,NA,NA,NA,NA,NA,1245,NA,NA,740,140,NA,80,365,800,NA,510,1150,NA,NA,NA,NA,NA,80,300,50,NA,NA,1460,310,NA,NA,NA,NA,NA,NA,NA,NA,NA,NA,NA,NA,NA,NA,NA,NA,NA,NA,NA,NA,NA,NA,NA,NA,300,NA,NA,NA,NA,NA,NA,NA,NA,NA,NA,NA,150,650,NA,NA,NA,2100,NA,NA,NA,NA,NA,NA,NA,NA,NA,NA,NA,NA,NA,NA,NA,NA,NA,NA,NA,NA,NA,NA,NA,NA,NA,NA,NA,NA,NA,NA,NA,NA,NA,NA,NA,NA,NA,NA,NA,NA,NA,NA,NA,110,NA,NA,NA,280,NA,NA,NA,95,NA,NA,NA,NA,NA,NA,NA,NA,NA,NA,NA,NA,NA,NA,NA,NA,NA,NA,NA,NA,NA,NA,NA,NA,NA,NA,NA,NA,NA,NA,80,NA,NA,NA,NA,NA,NA,NA,NA,NA,NA,NA,NA,NA,36,NA,NA,NA,NA,NA,NA,NA,NA,NA,80,NA,NA,150,NA,NA,NA,NA,NA,NA,NA,NA,NA,NA,NA,NA,NA,NA,NA,NA,NA,NA,NA,NA,NA,NA,NA,NA,NA,NA,NA,NA,NA,NA,NA,NA,NA,NA,NA,NA,NA,NA,NA,NA,NA,NA,NA,NA,NA,NA,NA,NA,NA,NA,NA,NA,NA,NA,NA,NA,NA,NA,NA,NA,NA,NA,NA,NA,NA,NA,NA,NA,NA,73,NA,NA,NA,NA,600,1350,900,NA,NA,NA,6200,635,NA,NA,NA,950,NA,NA,NA,NA,NA,NA,NA,NA,NA,NA,NA,NA,NA,NA,NA,NA,NA,NA,250,NA,NA,NA,NA,NA,NA,NA,NA,NA,NA,NA,NA,NA,NA,NA,NA,NA,NA,NA,NA,NA,NA,NA,NA,NA,NA,NA,NA,250
1994,100,75,NA,NA,9300,1000,2180,2380,NA,NA,2055,15770,80,NA,380,300,NA,NA,400,NA,75,NA,NA,NA,225,NA,NA,1520,NA,1700,NA,1125,250,NA,9375,100,NA,NA,250,1800,NA,12330,NA,270,1000,3620,NA,300,900,NA,27833,2160,3670,11105,80,NA,150,930,NA,1385,4900,350,950,NA,NA,NA,NA,NA,NA,NA,NA,NA,NA,770,135,NA,NA,160,NA,NA,NA,80,NA,NA,75,NA,NA,NA,NA,NA,NA,NA,1245,1000,NA,890,140,NA,80,365,3075,520,590,2200,NA,NA,NA,NA,NA,80,600,650,NA,NA,5560,1730,NA,NA,NA,NA,NA,1800,NA,NA,NA,NA,NA,NA,NA,NA,NA,NA,NA,NA,1150,NA,NA,NA,NA,150,2450,NA,NA,NA,110,NA,NA,NA,NA,NA,NA,NA,150,1400,NA,NA,4250,2100,NA,NA,NA,NA,NA,NA,NA,NA,NA,NA,NA,NA,NA,NA,NA,NA,NA,NA,NA,NA,NA,NA,NA,NA,NA,NA,NA,NA,NA,NA,NA,NA,NA,NA,NA,NA,NA,NA,NA,NA,NA,NA,NA,110,NA,NA,NA,280,NA,NA,NA,95,NA,NA,NA,NA,NA,NA,NA,NA,NA,NA,NA,NA,NA,NA,NA,NA,NA,NA,NA,NA,NA,NA,NA,NA,NA,NA,NA,NA,NA,NA,80,NA,NA,NA,NA,NA,NA,NA,NA,NA,NA,NA,NA,NA,36,NA,NA,NA,NA,NA,NA,NA,NA,NA,580,NA,NA,230,NA,NA,NA,NA,NA,NA,NA,NA,NA,NA,NA,NA,NA,NA,NA,NA,NA,NA,NA,NA,NA,NA,NA,NA,NA,NA,NA,NA,NA,NA,NA,NA,NA,NA,NA,NA,NA,NA,NA,NA,NA,NA,NA,NA,NA,NA,NA,NA,NA,NA,NA,NA,NA,NA,NA,NA,NA,NA,NA,NA,NA,150,1100,NA,NA,37,1000,NA,NA,110,NA,NA,4500,500,2600,4200,900,NA,NA,3075,8525,935,1500,NA,250,1200,1070,500,110,NA,NA,250,NA,NA,NA,NA,NA,NA,NA,NA,NA,NA,NA,1000,345,NA,NA,NA,NA,NA,NA,NA,NA,NA,NA,NA,NA,NA,NA,NA,NA,NA,NA,NA,NA,NA,NA,NA,NA,NA,NA,600,NA,850
1995,100,75,NA,NA,13630,1600,3380,11080,NA,4100,2055,42440,80,5600,880,1770,NA,NA,400,NA,1575,NA,600,NA,225,NA,1000,5020,NA,1700,250,1125,300,NA,18975,1200,NA,NA,1350,2510,NA,15330,NA,270,1000,7160,NA,300,3900,1500,39758,9100,17029,19430,80,1000,1150,1180,NA,2385,8125,350,950,NA,NA,NA,NA,NA,NA,NA,NA,NA,NA,880,135,NA,NA,160,NA,NA,NA,580,NA,80,75,1020,NA,NA,NA,200,NA,NA,1495,1800,NA,3240,450,NA,80,365,9000,520,3150,8870,NA,NA,400,NA,NA,80,3725,650,500,NA,14410,2480,NA,NA,NA,NA,NA,1800,NA,NA,NA,NA,NA,NA,NA,NA,NA,1700,500,NA,8200,NA,NA,NA,NA,1850,6450,NA,NA,NA,110,NA,NA,500,NA,NA,NA,NA,150,2500,NA,NA,6546.7029999999995,2100,296.703,NA,NA,NA,NA,NA,NA,NA,NA,NA,NA,NA,NA,NA,NA,NA,NA,NA,NA,NA,NA,NA,NA,NA,NA,NA,NA,NA,NA,NA,NA,NA,NA,NA,NA,NA,NA,NA,NA,NA,NA,NA,NA,110,NA,NA,NA,280,NA,NA,NA,95,NA,NA,NA,NA,NA,NA,NA,NA,NA,NA,NA,NA,NA,NA,NA,NA,NA,NA,NA,NA,NA,NA,NA,NA,NA,NA,NA,NA,NA,NA,80,NA,NA,NA,630,NA,NA,NA,NA,NA,NA,500,NA,NA,36,NA,NA,NA,NA,NA,NA,NA,NA,NA,1080,NA,NA,230,NA,NA,NA,NA,NA,NA,NA,NA,NA,NA,NA,NA,NA,NA,NA,NA,NA,NA,NA,NA,NA,NA,NA,NA,NA,NA,NA,NA,NA,NA,NA,NA,NA,NA,NA,NA,NA,NA,NA,NA,NA,NA,NA,NA,NA,NA,NA,NA,NA,NA,NA,NA,NA,NA,NA,NA,500,NA,NA,NA,NA,150,1100,NA,NA,637,1500,NA,NA,110,500,NA,4580,500,5600,9600,3400,NA,NA,8925,17825,3275,3150,NA,250,6500,7770,500,965,NA,270,3150,NA,3595,NA,500,NA,NA,NA,NA,NA,NA,250,1000,1245,500,450,1500,1500,NA,270,NA,NA,NA,NA,NA,NA,NA,NA,NA,600,NA,600,NA,NA,NA,NA,500,NA,600,225,1325,1000,2550
1996,300,75,8400,NA,17930,1600,3380,13180,NA,5300,2055,44240,80,5600,1480,5570,NA,500,400,500,1575,NA,1100,NA,1225,2600,3600,9820,NA,2000,250,3375,300,NA,18975,1700,1800,NA,1850,3710,NA,19430,NA,540,1000,8270,NA,300,3900,1680,45158,14700,25329,20630,680,1225,1150,1937.799,NA,2885,10525,350,950,NA,NA,NA,NA,NA,NA,NA,NA,NA,NA,1380,335,NA,NA,160,NA,NA,NA,580,NA,80,575,3020,NA,NA,NA,200,NA,NA,1965,1800,580,3240,450,NA,80,1465,13450,520,5114,17270,NA,NA,900,500,NA,80,5725,650,500,NA,23710,3350,NA,NA,NA,NA,NA,1800,NA,NA,NA,NA,NA,NA,NA,NA,NA,1700,500,NA,14200,NA,NA,NA,5200,2350,8550,NA,NA,NA,110,NA,NA,3000,2400,NA,NA,NA,150,5200,NA,NA,6546.7029999999995,2100,296.703,NA,NA,NA,NA,NA,NA,NA,NA,NA,NA,NA,NA,NA,NA,NA,NA,NA,NA,NA,NA,NA,NA,NA,NA,NA,NA,NA,NA,NA,NA,NA,80,NA,NA,NA,NA,NA,NA,NA,NA,NA,NA,110,NA,NA,NA,280,NA,NA,NA,345,1000,NA,NA,NA,NA,NA,1800,NA,NA,NA,NA,NA,NA,NA,NA,NA,NA,NA,NA,NA,NA,NA,NA,NA,NA,NA,NA,NA,NA,NA,80,NA,NA,NA,1260,NA,NA,NA,NA,NA,NA,500,NA,NA,36,NA,NA,NA,NA,NA,NA,NA,NA,NA,1080,100,NA,230,NA,NA,NA,NA,NA,500,NA,NA,500,NA,NA,NA,NA,NA,NA,NA,NA,NA,NA,NA,NA,NA,NA,NA,500,NA,NA,NA,NA,NA,NA,NA,NA,NA,NA,NA,NA,NA,NA,NA,NA,NA,NA,NA,NA,NA,NA,NA,600,NA,NA,NA,NA,NA,NA,250,500,NA,NA,NA,1000,150,1100,NA,1800,637,3500,NA,NA,1210,2600,600,7680,500,8100,9600,3400,NA,4450,12150,20675,6525,10150,NA,250,14300,15970,2500,3165,NA,270,3650,NA,5695,600,5000,4700,NA,NA,NA,2000,NA,1050,2000,1845,500,3700,2500,2600,NA,270,NA,NA,NA,NA,NA,NA,NA,NA,NA,600,NA,600,NA,NA,NA,600,1500,NA,600,325,2057,1000,6750
1997,300,75,8400,NA,25030,2100,4375,13680,NA,5300,3555,45440,80,7100,1480,7170,500,500,400,500,1575,500,1700,NA,4725,3200,6950,17320,2000,4000,250,6375,800,NA,18975,2300,2300,NA,1850,5710,NA,24230,NA,540,1000,11270,NA,300,3900,1680,50458,19900,28529,20630,680,1225,1150,2687.799,NA,6485,23755,2150,950,NA,NA,NA,NA,NA,NA,NA,NA,NA,NA,1630,335,NA,NA,160,NA,NA,NA,2680,NA,80,1075,3020,NA,NA,NA,200,NA,NA,2715,1800,580,3740,2850,NA,80,1465,28250,1020,6614,21570,NA,500,1400,500,NA,1160,6225,1450,1000,NA,33640,3950,NA,NA,NA,NA,NA,1800,NA,NA,NA,NA,NA,NA,NA,1200,NA,4250,500,800,22800,NA,NA,NA,18000,3550,13050,NA,NA,NA,110,NA,NA,3000,3400,NA,NA,1200,750,8700,NA,NA,7056.7029999999995,5100,296.703,NA,NA,NA,NA,NA,NA,NA,NA,NA,NA,1500,NA,NA,NA,NA,NA,NA,NA,NA,NA,NA,NA,NA,600,NA,NA,NA,NA,NA,NA,500,80,NA,NA,110,NA,NA,NA,NA,NA,NA,NA,110,NA,NA,NA,280,NA,600,NA,345,2200,NA,NA,NA,NA,NA,1800,NA,NA,NA,NA,NA,3000,NA,NA,NA,NA,NA,NA,NA,NA,NA,NA,NA,NA,NA,NA,NA,NA,NA,80,NA,NA,40,1260,NA,NA,NA,NA,NA,NA,500,630,NA,36,500,NA,NA,NA,NA,NA,NA,NA,NA,1080,100,NA,230,NA,NA,NA,NA,NA,500,NA,NA,1100,1500,NA,NA,NA,NA,NA,NA,NA,NA,NA,NA,NA,NA,NA,NA,1000,NA,NA,NA,NA,NA,NA,NA,NA,NA,NA,NA,NA,NA,NA,NA,NA,NA,NA,NA,NA,NA,NA,NA,600,NA,NA,NA,NA,NA,NA,250,1000,NA,NA,NA,1000,150,1100,500,4100,637,4700,NA,2400,1710,6200,1800,7680,500,8100,10100,3400,NA,8150,13950,25675,11025,20650,500,250,15900,21670,2500,4965,1800,270,5850,1500,8395,600,5000,6200,NA,1200,NA,2000,NA,13950,5200,1845,500,11999,4500,3100,1700,1270,NA,NA,NA,NA,NA,NA,NA,NA,500,600,NA,600,NA,1500,NA,600,5500,NA,600,925,2857,2600,9050
1998,300,75,8400,NA,29550,2100,12895,15180,NA,8900,4305,46040,80,9100,7480,9270,500,1000,650,500,1575,500,1700,600,5225,4700,13110,20420,2000,4600,750,12875,1300,NA,51875,2300,3800,NA,1850,5710,NA,26330,500,840,1000,11270,NA,900,6900,3180,50458,21900,39829,20630,680,13225,2650,2687.799,1350,6485,52705,2650,950,NA,NA,NA,NA,NA,NA,NA,NA,NA,NA,3680,335,NA,NA,160,NA,NA,NA,2680,4000,80,1075,6020,500,NA,NA,200,NA,NA,5895,3300,1080,6540,3950,NA,80,1465,43070,3720,7114,30770,NA,500,1400,500,NA,1160,6225,3050,1000,NA,36090,3950,NA,NA,NA,NA,NA,1800,NA,NA,600,NA,NA,NA,NA,1200,NA,6250,500,1800,28200,1000,NA,4800,22380,4290,16350,1200,NA,NA,110,NA,NA,3000,3400,NA,NA,1200,750,10750,NA,NA,13356.703,7600,296.703,NA,NA,NA,NA,NA,NA,NA,NA,NA,NA,3500,NA,500,NA,NA,NA,NA,NA,1000,NA,NA,NA,NA,600,NA,NA,NA,NA,NA,600,500,80,95,NA,110,NA,NA,NA,NA,NA,NA,NA,110,NA,600,NA,780,NA,600,NA,345,2800,NA,NA,NA,NA,NA,1800,NA,2400,NA,NA,NA,3000,NA,NA,NA,NA,NA,NA,NA,NA,NA,NA,NA,NA,NA,NA,NA,NA,NA,80,NA,NA,40,2360,NA,NA,NA,NA,NA,NA,500,630,NA,36,1500,NA,NA,NA,500,NA,NA,NA,1000,1080,100,NA,230,NA,NA,NA,NA,1100,500,NA,NA,1100,1500,NA,NA,NA,NA,NA,NA,NA,NA,1000,NA,NA,NA,NA,NA,1660,NA,NA,NA,NA,NA,NA,NA,NA,NA,NA,NA,NA,NA,NA,NA,NA,NA,NA,NA,NA,NA,NA,NA,600,NA,NA,NA,NA,NA,NA,250,1000,NA,NA,NA,1000,1150,1700,3700,5300,637,4700,NA,3600,3210,9450,4300,10180,500,11100,29100,4300,NA,25310,24950,28825,14625,29150,11500,750,17100,28670,2500,10965,1800,270,9850,2820,10495,600,6000,14900,NA,1800,NA,2000,2760,18750,8400,5595,1500,11999,5500,6850,4700,1770,NA,NA,NA,NA,NA,3000,NA,4500,3500,1600,NA,600,NA,3000,NA,600,5500,NA,600,925,4457,4100,9050
1999,300,75,8400,NA,59780,2100,19495,22830,3000,19850,7305,52000,8330,57470,7480,9270,500,1000,650,500,1575,500,1700,3600,5225,4700,49160,24220,2000,10800,750,20075,1300,NA,112875,2300,3800,NA,1850,5710,NA,60230,500,2140,1000,15770,NA,900,6900,3180,60458,23050,47929,24230,680,37525,7150,2687.799,1350,6485,52705,5050,950,NA,NA,NA,NA,1800,NA,NA,NA,NA,NA,5630,335,NA,80,160,NA,NA,NA,5680,4000,80,2395,6020,500,NA,NA,1700,NA,600,10050,3900,1680,8240,5050,NA,80,1465,62410,9520,8714,38620,NA,500,1400,500,NA,1160,6225,3050,1000,NA,39450,4550,NA,NA,NA,NA,NA,3800,NA,NA,600,NA,NA,NA,1000,1200,NA,6250,500,1800,30700,1000,NA,4800,25500,4290,16350,1200,NA,NA,110,NA,3300,3000,3400,NA,NA,1200,750,10750,NA,1000,17856.703,11700,6816.7029999999995,NA,NA,NA,NA,NA,NA,NA,NA,NA,NA,7700,NA,1000,NA,1000,NA,NA,NA,1000,1000,NA,NA,NA,2100,NA,NA,NA,NA,NA,1600,2300,80,95,NA,110,NA,NA,NA,NA,NA,NA,NA,110,NA,600,NA,780,NA,600,NA,345,2800,NA,NA,NA,NA,NA,1800,NA,3900,NA,NA,NA,3000,NA,1500,NA,NA,NA,NA,NA,NA,3000,NA,NA,NA,NA,NA,NA,NA,NA,80,NA,NA,40,2360,NA,NA,NA,NA,NA,NA,500,630,NA,36,1500,NA,1500,NA,500,NA,NA,NA,2000,1080,100,NA,230,NA,NA,NA,NA,1100,500,NA,NA,1100,1500,1500,NA,1200,NA,NA,NA,NA,NA,2200,NA,NA,NA,NA,NA,8212,NA,NA,NA,NA,NA,NA,1500,NA,NA,NA,NA,NA,NA,NA,NA,NA,NA,NA,NA,NA,NA,NA,NA,600,NA,NA,NA,NA,NA,NA,250,1000,NA,NA,NA,1000,1150,3700,10250,17000,22237,7320,NA,3600,3710,11270,11500,16280,500,11100,42150,4300,NA,44910,46510,46825,18825,82430,31385,750,28260,58090,2500,11965,1800,8110,18850,3320,19795,6600,18860,39520,2000,6300,NA,2000,10480,56750,23400,12255,1500,53439,13300,37350,9450,11170,NA,NA,NA,NA,NA,3000,NA,7500,7600,2900,4500,600,13800,4500,500,600,5730,NA,600,925,5057,6800,9050
2000,300,75,8400,NA,60780,2100,27295,86360,3000,23100,19805,52660,8330,85620,7480,13420,500,4900,650,1100,1575,20700,7700,15300,16025,9600,83660,34220,2000,23400,3750,23375,4850,3450,148955,13300,3800,1000,1850,6810,NA,93230,500,8150,1000,46430,NA,900,9400,4980,122408,63350,83089,33530,6680,37525,22450,2687.799,3350,29885,52705,5650,950,NA,NA,NA,NA,1800,NA,NA,NA,NA,NA,17230,335,NA,80,760,NA,NA,NA,12480,9600,80,14095,21570,1000,NA,NA,1700,NA,600,13250,3900,4080,15940,14450,NA,1880,1465,88360,10270,13214,51430,NA,500,1400,500,NA,1760,6225,4310,1600,1650,57700,6417,NA,NA,NA,NA,NA,3800,NA,NA,600,NA,NA,NA,1000,1200,NA,6250,1700,1800,55700,1000,NA,4800,26160,4290,16350,1200,NA,NA,110,NA,5100,4500,3400,NA,NA,1200,1350,11350,NA,1000,40056.703,41700,10076.703,NA,NA,NA,NA,1800,NA,NA,NA,NA,NA,7700,NA,8450,NA,3500,NA,NA,NA,2200,2650,NA,NA,3000,4050,1000,NA,NA,NA,NA,1600,3300,80,695,NA,110,NA,NA,NA,NA,3150,NA,NA,110,NA,1200,NA,780,3600,7000,5000,2245,3300,NA,NA,NA,5250,NA,1800,NA,7650,NA,NA,NA,3000,NA,1500,NA,NA,NA,NA,NA,NA,3000,NA,NA,NA,NA,NA,NA,NA,NA,80,NA,NA,40,2360,NA,NA,NA,NA,NA,NA,1100,630,600,36,2100,NA,1500,NA,500,NA,NA,NA,2000,3680,100,NA,230,NA,NA,NA,NA,1100,500,NA,1500,1100,1500,1500,NA,1200,NA,NA,NA,NA,NA,2200,NA,1200,NA,NA,NA,8212,NA,NA,NA,NA,NA,NA,1500,NA,NA,NA,NA,750,NA,NA,NA,NA,NA,NA,NA,NA,NA,NA,2700,600,NA,2000,NA,NA,NA,NA,250,1000,NA,NA,NA,1000,1150,5950,10850,22300,33987,8640,NA,13500,3810,11270,14080,35130,500,14100,78050,4300,NA,46810,72510,55925,20625,84830,38585,750,33960,73690,2500,12565,1800,11110,31550,9920,19795,6600,23910,46120,8000,19800,3600,9200,14980,74050,32700,18015,1500,73839,22300,80740,10300,31170,NA,NA,NA,NA,NA,6200,NA,7500,12670,6200,4500,600,37600,5100,500,600,10930,NA,600,925,5057,8800,9050
2001,300,75,8400,NA,94620,2100,43445,149110,13800,26350,58605,86330,29130,173920,14980,15220,500,23300,4250,10150,10375,20700,8300,27600,32225,20300,112240,72375,9600,27400,8750,25275,17050,13850,167495,20800,3800,8500,10550,13060,22000,128230,1700,8150,1000,56930,3600,900,9400,28480,145038,89650,171889,46730,51180,44725,36550,8687.798999999999,16550,61735,54655,5650,950,NA,NA,NA,3750,1800,NA,NA,NA,NA,NA,27230,335,NA,7080,1610,NA,1500,NA,24380,29400,80,24895,41470,3400,NA,NA,1700,NA,2700,21130,4500,4680,66590,26000,NA,2880,2065,139180,39320,14714,104180,NA,500,3200,5600,NA,1760,6225,6360,4900,2650,85210,7017,NA,NA,NA,NA,NA,3800,NA,NA,600,NA,NA,NA,1000,3200,NA,11350,1700,1800,73500,1000,NA,12000,26160,4290,18350,1200,NA,NA,1430,NA,10500,4500,5800,1320,NA,5700,8350,12350,NA,2500,80456.70300000001,49000,11576.703,NA,NA,NA,NA,2400,NA,NA,NA,4500,NA,13100,3600,9950,NA,3500,NA,NA,NA,2200,4960,NA,NA,3000,11100,1000,NA,NA,1000,1000,4440,9500,2720,1695,NA,110,NA,NA,NA,NA,3150,NA,NA,110,NA,3750,NA,1380,8700,8500,8600,3745,3300,NA,NA,NA,6750,NA,1800,NA,8950,900,NA,NA,3000,NA,1500,NA,NA,NA,NA,NA,NA,5250,NA,NA,NA,NA,NA,NA,NA,NA,80,NA,NA,40,2360,NA,NA,NA,NA,NA,NA,1100,630,600,36,2100,NA,1500,NA,500,NA,NA,NA,4200,3680,100,NA,230,NA,NA,NA,NA,1100,1900,NA,1500,4100,3900,1500,NA,3600,NA,NA,NA,NA,NA,4700,NA,1825,NA,NA,NA,8212,NA,NA,NA,NA,NA,NA,3000,NA,NA,1200,NA,750,NA,NA,NA,NA,NA,NA,NA,NA,NA,NA,3900,1200,NA,10800,NA,NA,NA,NA,250,6900,NA,NA,NA,1000,6550,10850,12650,32150,35187,61590,NA,13500,3810,50470,18080,97630,2300,21700,176950,5800,NA,58810,113460,98725,33825,151040,81735,3350,37260,111760,2500,14265,1800,44410,39050,16520,21595,6600,25960,58420,8000,19800,4200,50750,22080,90450,57300,51515,10900,100739,49300,141990,60100,49470,NA,NA,NA,NA,NA,6200,NA,9500,13420,25700,6300,600,38600,5100,500,600,10930,NA,600,4975,5057,9650,9050
2002,300,75,10050,NA,106170,28300,96645,196230,13800,26350,58605,107040,37130,180170,23980,17620,4500,49500,4250,10750,12375,49100,21550,49700,55325,23650,146840,99125,13200,48900,12850,60875,17650,20050,168595,44200,4800,39600,14150,29860,43000,144430,23000,13100,1000,69230,3600,900,17400,44680,219268,125600,252289,50330,76380,55225,59950,39587.799,36750,76535,55255,27650,950,NA,NA,NA,3750,7800,NA,NA,600,NA,8000,48580,335,NA,7080,6610,NA,1500,NA,29780,63700,3680,31915,56570,7600,NA,NA,3500,NA,18700,72930,29200,7547,105840,38600,2800,10630,7565,168430,58720,20414,128630,NA,3500,3200,9800,NA,1760,10225,6360,10300,3250,114150,15767,NA,NA,NA,NA,NA,3800,NA,NA,16900,NA,NA,NA,1000,10600,NA,11350,4700,2800,89000,1000,2550,17100,26160,7290,24350,1200,NA,NA,2090,NA,15050,7000,5800,1320,NA,17200,10150,13950,NA,22000,94656.70300000001,58100,31776.703,NA,NA,NA,NA,2400,NA,NA,NA,4500,NA,25100,3600,11950,NA,9500,4000,NA,2000,8000,10460,NA,NA,3000,19500,1000,NA,NA,1000,1000,6240,44590,7220,1695,NA,1610,NA,NA,NA,NA,6150,NA,NA,110,NA,5250,NA,1380,12300,9500,11250,5845,3300,NA,NA,NA,8250,NA,1800,NA,16290,900,NA,NA,3850,NA,1500,NA,NA,NA,NA,NA,NA,5850,NA,NA,NA,NA,NA,NA,NA,NA,1380,3600,NA,40,2360,NA,NA,NA,NA,NA,NA,1100,630,600,36,2100,NA,1500,NA,500,NA,NA,750,4200,3680,100,NA,230,NA,NA,NA,NA,1100,1900,3000,1500,11600,4500,3300,NA,3600,NA,NA,NA,NA,NA,9475,NA,1825,NA,1500,600,10012,NA,NA,NA,NA,NA,NA,3000,1800,NA,2050,1000,1950,NA,NA,NA,NA,NA,NA,NA,NA,NA,NA,10700,7000,1800,12300,NA,3000,NA,NA,250,9900,NA,NA,NA,1600,6550,29150,56450,37350,50187,113790,NA,13500,68610,80720,45680,181930,2300,86100,212000,5800,NA,78010,144960,112125,51225,156890,86385,3350,42060,144720,3500,15115,1800,60660,48850,40370,27795,6600,27160,70220,11000,19800,12200,87750,93380,172150,127200,59915,30400,121539,55300,207890,122060,79270,NA,NA,NA,NA,NA,8300,NA,9500,16020,50600,23100,600,38600,8100,500,600,14530,NA,600,24075,16757,9650,9050
2003,300,75,10050,NA,117070,47100,149495,210030,13800,35350,58605,126540,38630,203820,23980,17620,6500,58700,4250,38150,12375,65900,30550,61100,58575,25350,154440,127275,13800,76500,23650,91275,24250,47650,176095,51400,4800,78300,21350,50860,53500,178030,45600,37050,1000,69230,3600,900,23400,53680,272268,131000,289489,53630,84380,73425,59950,66987.799,62450,80535,55855,29450,950,NA,NA,NA,6750,7800,NA,NA,600,NA,8000,68580,1335,4500,20580,23610,NA,1500,NA,65780,79800,15680,31915,71370,8800,NA,NA,3500,NA,26300,90630,36500,12147,198140,55400,4600,12080,8165,198430,71120,24014,144080,NA,5000,9500,10650,NA,1760,12325,10210,11800,4750,138350,15767,NA,NA,NA,NA,NA,3800,NA,NA,16900,NA,NA,NA,1000,10600,NA,11350,6200,8500,104000,1000,2550,18100,26160,8790,34850,1200,NA,NA,2090,NA,15050,14600,11800,1320,NA,17200,10150,18500,NA,30000,120256.70300000001,64400,31776.703,NA,NA,NA,NA,2400,NA,NA,NA,4500,NA,25100,9000,19050,4500,21750,8950,NA,2000,8000,11960,NA,NA,3000,19500,1000,NA,NA,1000,2500,6240,50990,10220,2695,NA,1610,NA,NA,NA,NA,11650,NA,NA,110,NA,8250,9000,4680,15300,11500,14850,5845,3300,NA,NA,NA,8250,NA,1800,NA,16290,900,NA,NA,3850,NA,1500,NA,NA,NA,NA,NA,NA,5850,NA,NA,NA,NA,2000,NA,NA,NA,1380,3600,NA,40,2360,600,NA,NA,NA,NA,NA,1100,630,600,36,2100,NA,1500,NA,500,NA,NA,750,5400,3680,100,NA,1910,NA,NA,NA,NA,1100,5900,3000,1500,17600,4500,3300,NA,3600,NA,NA,NA,NA,NA,11275,NA,1825,1563,2125,600,11012,NA,NA,NA,NA,NA,NA,3000,1800,NA,2050,4000,3950,NA,NA,NA,NA,NA,NA,NA,NA,NA,NA,11950,7000,1800,12300,NA,12000,NA,NA,250,11700,NA,NA,NA,1600,13750,66130,116550,78850,73037,141590,66000,19500,108510,115820,85080,240230,2300,171900,303800,5800,NA,132810,169120,143625,54725,180550,97785,3350,45660,151620,3500,16615,1800,74660,84850,46770,29595,6600,34360,71220,12500,19800,12200,117050,169030,266150,138100,87815,45250,126039,91400,237090,126060,83270,NA,6000,NA,NA,NA,9800,32400,11000,17520,62300,38100,600,38600,8100,500,600,15830,NA,600,49575,16757,12000,50150
2004,300,75,10050,NA,153090,47100,175595,210030,13800,35350,60105,140640,41630,205320,39980,19120,7100,58700,5050,38150,14375,71900,30550,63100,68575,25350,170040,249675,17100,78000,43100,144075,27850,55500,195095,54900,4800,98700,21350,87660,53500,199630,49647,44850,1000,85730,3600,900,23400,53680,308468,139330,374089,53630,84380,75425,77400,97287.799,67750,84935,56155,36450,5950,NA,NA,NA,10750,7800,NA,NA,2100,NA,8000,78980,1335,4500,20580,29710,NA,1500,NA,79780,79800,16880,31915,103170,8800,NA,NA,3500,NA,26300,123530,43800,16147,217940,72500,4600,19080,8165,209180,73720,24014,170180,NA,5000,10700,10650,NA,1760,15125,13810,18400,4750,146950,15767,NA,NA,NA,NA,NA,3800,NA,NA,20900,NA,NA,NA,1000,10600,NA,11350,6200,8500,117200,2000,2550,19900,27360,17190,58750,1200,NA,NA,2090,NA,15050,25600,11800,1320,NA,17200,10150,39300,NA,30000,148356.703,75400,37276.703,NA,NA,NA,NA,2400,NA,NA,NA,4500,NA,26900,9000,20850,10500,29350,16550,NA,4000,8000,11960,NA,NA,3000,19500,1000,3000,NA,1000,2500,10740,65390,10220,7295,NA,1610,NA,NA,NA,NA,18650,NA,NA,110,NA,8250,9000,4680,17300,11500,17850,5845,3300,NA,NA,NA,8250,NA,1800,NA,16290,3500,NA,NA,3850,NA,1500,NA,NA,NA,NA,NA,NA,11350,NA,NA,NA,NA,4000,NA,NA,NA,1380,3600,NA,40,2360,600,NA,NA,NA,NA,NA,1100,630,600,36,2100,NA,1500,NA,500,NA,NA,750,8000,3680,100,NA,1910,NA,NA,NA,NA,1100,10400,3000,1500,23600,4500,3300,NA,3600,NA,NA,NA,NA,NA,13275,NA,1825,1563,2125,600,15012,NA,NA,NA,NA,NA,NA,3000,1800,NA,2050,4000,3950,NA,NA,NA,NA,NA,NA,NA,NA,NA,NA,11950,7000,1800,14600,NA,22500,NA,NA,250,22200,2000,NA,2000,1600,13750,101730,134550,109050,77037,179590,86850,19500,112510,117520,116580,366830,2300,179000,351750,5800,NA,146810,186620,169625,80975,188050,97785,3350,48260,152420,9500,16615,1800,84860,100850,48570,31595,6600,42360,87020,19700,29800,12200,130550,208830,329400,140350,123815,45250,139539,104400,265390,151260,83270,11900,6000,NA,NA,NA,17600,32400,11000,17520,68700,69100,600,41250,10100,500,600,15830,NA,600,49575,18557,12000,55250
2005,300,75,10050,NA,170790,47100,193445,210030,13800,35350,64105,140640,41630,233820,39980,19120,7100,58700,5850,38150,14375,83200,30550,71300,69375,25350,202290,331975,17100,79700,43950,174825,27850,56300,218415,62400,4800,105500,21350,93360,81200,199630,49647,61850,1000,103730,3600,900,28400,53680,324468,153330,390689,85930,84380,75425,89400,127087.799,67750,88535,66555,41650,5950,NA,NA,NA,13750,7800,NA,NA,2100,NA,8000,95980,2835,12000,20580,34210,NA,1500,NA,82080,109800,25380,31915,121770,10800,NA,NA,3500,NA,27800,143930,43800,18147,227740,73300,4600,19080,12265,212380,77520,32014,181180,NA,11000,12500,10650,NA,1760,23125,17610,18400,4750,153550,18467,NA,NA,NA,NA,NA,3800,NA,NA,26900,NA,3000,NA,1000,10600,NA,11350,6200,10600,119000,2000,2550,25900,27360,17190,58750,7200,NA,NA,2090,NA,17050,25600,17800,1320,NA,17200,10150,39300,NA,34600,184656.703,88900,49276.703,NA,NA,NA,NA,2400,3000,NA,NA,4500,NA,31700,9000,20850,13500,33350,16550,6000,10800,11000,11960,NA,NA,3000,19500,1000,3000,NA,1000,2500,13040,69890,10220,7295,NA,1610,NA,NA,NA,NA,18650,NA,NA,110,NA,8250,9000,5480,17300,16000,19850,5845,3300,NA,2000,NA,8250,NA,1800,NA,16290,3580,NA,NA,3850,NA,1500,NA,NA,NA,NA,NA,NA,14458,NA,NA,NA,NA,4000,NA,NA,NA,1380,3600,NA,40,5360,600,NA,NA,NA,NA,NA,1100,630,600,36,2100,NA,1500,NA,500,NA,NA,750,8000,3680,100,NA,1910,NA,NA,NA,NA,8600,10400,3000,1500,25400,4500,3300,NA,3600,NA,NA,NA,NA,NA,13275,NA,1825,3063,8125,600,15012,NA,NA,NA,NA,NA,NA,3000,3800,NA,2050,5500,6950,NA,NA,NA,NA,NA,NA,NA,NA,NA,NA,11950,7000,1800,14600,NA,22500,NA,NA,250,22800,2000,NA,24000,1600,27750,109730,136550,120550,182437,225140,98850,27000,138010,145270,145580,406930,12800,201600,370450,5800,20000,153710,189620,185625,80975,221050,97785,3400,48260,153920,9500,22015,1800,110960,111450,48570,32395,6600,43160,91020,19700,29800,14200,135650,279330,405400,173450,133815,53850,161539,109300,325990,193860,104270,13900,6000,NA,NA,NA,20000,32400,11000,17520,70700,69100,600,41250,18100,500,600,15830,NA,600,50425,18557,12000,55250
2006,300,75,10050,NA,180740,47100,247245,283630,13800,37350,70605,140640,41630,235820,39980,19120,7100,58700,5850,38150,14375,117700,30550,84800,69375,27050,203090,367975,21900,79700,43950,182275,32650,72300,255365,75300,6100,107000,32550,96060,88100,199630,80147,77250,4000,109730,3600,900,28400,53680,365268,153660,390689,93930,88380,96125,101400,152887.799,67750,106635,68355,41650,19850,NA,NA,NA,13750,7800,NA,NA,2100,NA,8000,100980,2835,46000,20580,34810,NA,1500,NA,86880,109800,33380,36415,121770,12800,NA,NA,3500,NA,40800,159830,50000,18147,242040,78800,4600,22080,16765,213980,81520,32014,198080,NA,11000,12500,10650,NA,1760,23125,18410,20000,4750,156950,28767,NA,NA,NA,NA,NA,3800,NA,NA,37400,NA,3000,NA,1000,10600,NA,12150,7900,15700,119000,2000,2550,25900,29760,19190,67250,7200,NA,100,2090,16100,17050,41600,39400,1320,NA,33000,10150,63300,NA,34600,221856.703,92400,65776.70300000001,NA,NA,NA,NA,6400,3000,NA,NA,6000,NA,35700,9000,20850,18000,45350,16550,6000,12800,13400,18560,NA,NA,3000,27500,1000,3000,NA,1000,4500,15040,69890,10220,27595,NA,1610,NA,NA,NA,NA,18650,NA,NA,6110,NA,14250,9000,9480,17300,16000,19850,9845,3300,NA,2000,NA,9050,NA,1800,18500,16290,3580,NA,NA,3850,NA,1500,NA,NA,NA,NA,NA,NA,14458,NA,NA,NA,NA,4000,NA,NA,NA,2630,3600,NA,40,5360,600,NA,NA,NA,NA,NA,1100,630,600,36,2100,NA,1500,NA,500,NA,NA,750,8000,3680,900,NA,1910,NA,NA,NA,NA,8600,10400,3000,1500,25400,4500,3300,NA,3600,NA,NA,NA,NA,NA,15275,NA,1825,3063,10125,600,15012,NA,NA,2000,NA,NA,NA,3000,9800,NA,40050,13500,19450,NA,NA,NA,NA,NA,NA,NA,NA,NA,NA,13950,7800,1800,14600,NA,22500,NA,NA,250,22800,2000,NA,36000,15600,33750,110530,170050,182050,195937,275140,103450,49000,158010,171270,170080,481430,28800,283600,411450,8300,30000,163710,199320,215125,88475,249050,145785,3400,48260,154520,9500,24015,1800,121810,141850,52570,32395,10800,56760,95320,19700,29800,16200,171650,327380,501700,190750,154315,67850,187539,115300,365990,195860,123270,33900,6000,NA,NA,NA,21200,32400,13000,19520,90700,91900,600,61250,42100,500,7000,15830,NA,600,50425,18557,12000,55250
2007,300,75,10050,NA,183900,47100,319345,342330,13800,37350,72105,145440,41630,264820,39980,19120,7100,60700,5850,58150,14375,143700,30550,92800,71375,32650,206090,395975,27900,81500,43950,185125,32650,86300,307745,79300,10600,113000,35750,122860,89700,203630,92147,78850,4000,124310,3600,900,30700,54980,413068,173160,406689,93930,90380,96125,103700,180487.799,67750,108635,77255,45650,20750,NA,NA,NA,17750,10100,NA,NA,2100,NA,8000,108980,2835,48400,24580,34810,NA,1500,NA,90880,110600,37880,47415,125270,12800,275,NA,3500,NA,52800,174230,73000,18147,244840,78800,4600,23580,18265,216780,81595,32014,210080,NA,11000,12500,18650,NA,3760,38525,24410,20000,12750,166950,29567,NA,NA,NA,NA,NA,3800,NA,NA,37400,NA,3000,NA,1000,13600,NA,12150,7900,19700,122000,2000,2550,25900,47360,19190,67250,7200,NA,100,2090,16100,17050,41600,39400,1320,NA,67900,10150,67300,NA,34600,261856.703,92400,73776.70300000001,NA,NA,NA,NA,6400,3000,NA,NA,6000,NA,35700,9000,20850,18000,45350,23350,6000,12800,14200,24160,NA,NA,3000,29000,1000,3000,NA,1000,10500,19040,96690,16220,39595,NA,1610,NA,NA,NA,NA,26150,NA,NA,34110,NA,14250,9000,9480,17300,16000,19850,9845,3300,NA,2000,NA,9050,NA,1800,18500,16290,3580,NA,NA,3850,NA,1500,NA,NA,NA,NA,NA,NA,14458,NA,NA,NA,NA,4000,NA,NA,NA,3880,3600,NA,40,5360,600,2000,NA,NA,NA,NA,1100,630,600,36,2100,NA,1500,NA,500,NA,NA,750,10000,3680,900,NA,1910,NA,NA,NA,NA,11600,14400,3000,1500,30200,4500,3300,NA,3600,NA,NA,NA,NA,NA,15275,NA,1825,3063,18125,600,21012,NA,NA,2000,NA,NA,NA,3000,9800,NA,40050,17500,19450,NA,NA,NA,NA,NA,NA,800,NA,NA,NA,21250,7800,1800,18600,NA,24500,NA,NA,16250,32000,2000,NA,36000,15600,33750,112530,195850,192050,238137,293140,111450,55000,162610,182320,178680,504430,30300,323600,438450,8300,30000,169810,205920,221125,104475,272650,179785,3400,66260,166520,9500,24015,2400,121810,141850,52570,32395,10800,56760,101320,22000,33800,16200,171650,334280,525700,210550,164315,89850,236039,150100,383490,227860,164420,34700,6000,NA,NA,NA,21200,32400,13000,25520,90700,98700,600,61250,76100,500,7000,15830,NA,600,50425,18557,12000,55250
2008,300,75,10050,NA,200800,47100,343345,376830,13800,37350,72105,170740,41630,270820,39980,19120,7100,60700,5850,58150,14375,143700,30550,92800,73375,32650,206090,422875,27900,81500,43950,187125,32650,94300,309915,79300,16200,113000,36550,141260,89700,203630,93647,86850,4000,137310,3600,900,37800,54980,429468,193860,421589,94730,90380,96225,103700,180487.799,67750,112635,77255,45650,30750,NA,NA,NA,17750,17000,NA,NA,2100,NA,8000,108980,2835,50400,30580,34810,NA,1500,NA,90880,110600,39380,47415,125270,12800,275,NA,3500,NA,52800,174230,76000,18147,244840,82800,4600,23580,20265,217580,89595,32014,210080,NA,11000,12500,18650,NA,3760,43825,24410,20000,14750,171750,29567,NA,NA,NA,NA,NA,3800,NA,NA,37400,NA,3000,NA,2600,13600,3400,12150,7900,19700,122000,2000,2550,25900,47360,19190,67250,7200,NA,100,2090,16100,17050,45600,41400,1320,NA,89900,10150,67300,NA,34600,273856.703,92400,73776.70300000001,NA,NA,NA,NA,6400,3000,NA,NA,6000,NA,35700,9000,20850,18000,45350,23350,12000,16800,14200,30160,NA,NA,3000,29000,1000,3000,NA,1000,12500,19040,96690,16220,39595,NA,1610,NA,NA,NA,NA,26150,NA,NA,34110,NA,14250,9000,9480,17300,16000,19850,9845,3300,NA,2000,NA,9050,NA,1800,18500,22290,3580,NA,NA,3850,NA,1500,NA,NA,NA,NA,NA,NA,14458,NA,NA,NA,NA,4000,NA,NA,NA,3880,3600,NA,40,5360,600,2000,NA,NA,NA,NA,1100,630,600,36,2100,NA,1500,NA,500,NA,NA,750,10000,3680,900,NA,1910,NA,NA,NA,NA,11600,14400,3000,1500,32200,4500,3300,NA,3600,NA,NA,NA,NA,NA,15275,NA,1825,3063,20125,600,21012,NA,NA,2000,NA,NA,NA,3000,11892,NA,40050,17500,19450,NA,NA,NA,NA,NA,NA,800,NA,NA,NA,22050,7800,1800,18600,NA,24500,NA,NA,16250,34000,4000,NA,36000,15600,33750,114530,195850,192050,265437,299140,111450,55000,168610,199020,204680,513830,31800,329600,465450,8300,30000,176710,207920,224025,105975,299350,188585,3400,66260,166520,9500,28015,2400,121810,147850,56570,32395,10800,56760,108220,22000,33800,16200,171650,340280,585700,215350,164315,127850,247539,154100,383490,285860,164420,34700,6000,NA,NA,NA,21200,32400,13000,25520,90700,98700,600,65250,76100,500,7000,15830,NA,600,50425,18557,12000,55250
2009,300,75,10050,NA,309900,47100,475495,379130,13800,37350,72105,178740,41630,270820,39980,31120,7100,67600,5850,78150,14375,148100,36550,98800,99375,32650,254190,465475,31100,81500,43950,202325,32650,126300,359365,83700,90200,113000,40800,211460,126500,206430,111247,86850,4000,144810,3600,900,40100,54980,508568,208160,425589,96730,90380,96225,105700,180487.799,67750,114935,101055,55450,30750,NA,NA,NA,17750,28000,NA,NA,2100,NA,8000,120680,2835,63100,30580,34810,NA,1500,NA,94780,112600,39380,57415,125270,15200,275,NA,3500,NA,52800,194630,82000,23397,254840,133600,6100,27580,20265,223580,97395,32014,241680,NA,11800,12500,21050,NA,6060,50425,24410,20800,26150,174550,33567,NA,NA,NA,NA,NA,3800,NA,NA,39400,NA,7000,NA,2600,17600,3400,12950,7900,19700,140000,2000,2550,29900,53360,19190,81050,7200,NA,100,2090,16100,17050,45600,71300,1320,NA,110050,10150,71300,NA,34600,291656.703,93200,80276.70300000001,NA,NA,NA,NA,6400,3000,NA,NA,6000,NA,51700,9000,20850,20000,45350,40550,12000,16800,14200,42760,NA,NA,3000,29000,1000,3000,NA,1000,12500,25040,97490,35020,45595,NA,1610,NA,NA,NA,NA,26150,NA,NA,34110,NA,14250,9000,9480,17300,20000,19850,9845,3300,NA,2000,NA,9050,NA,1800,18500,24290,3580,NA,NA,3850,NA,1500,NA,NA,NA,NA,NA,NA,14458,NA,NA,NA,NA,4000,NA,NA,NA,5880,3600,NA,40,5360,600,2000,NA,NA,NA,200,1100,630,600,36,2100,NA,1500,NA,500,NA,NA,750,12000,3680,900,NA,1910,NA,NA,NA,NA,11600,14400,3000,1500,32200,4500,3300,NA,3600,NA,NA,NA,NA,NA,15275,NA,5825,5063,32125,600,25012,NA,NA,2000,NA,NA,NA,3000,19892,NA,64050,19500,35450,NA,NA,NA,NA,NA,NA,800,NA,NA,NA,22850,7800,1800,18600,NA,30500,NA,NA,20250,40000,4000,NA,64000,21600,59750,120580,233850,259150,276037,341140,111450,65000,186610,260820,204680,597330,93300,431600,594350,8300,30000,196710,215820,240625,108275,362650,195985,3400,70560,178120,13500,35065,2400,125810,161850,58570,34395,15400,67360,108220,22000,37800,16200,171650,347080,611700,233350,177115,224850,262939,222500,494290,317860,166420,34700,6000,NA,NA,NA,24200,37000,13000,33520,96700,98700,600,65250,82900,500,7000,15830,NA,600,52725,20857,12000,59250
2010,300,75,10050,NA,448480,47100,526395,383730,13800,37350,74405,195650,59130,279770,39980,36120,7100,79600,5850,78150,14375,148100,36550,111640,110875,32650,264190,496275,33500,81500,43950,212625,32650,144900,369615,85750,102200,113000,40800,213060,128800,210530,122897,86850,4000,144810,3600,6900,40100,59580,549168,222160,466289,106630,90380,96225,109700,180487.799,67750,115735,110255,77950,34120,NA,NA,NA,17750,28000,NA,NA,2100,NA,8000,126780,2835,65100,30580,34810,NA,1500,NA,99380,114600,39380,59715,125270,15200,275,NA,3500,4600,52800,199730,86300,23397,256840,158800,6100,35580,20265,223580,100245,33614,250280,NA,11800,12500,21050,NA,6060,50425,26410,20800,33650,177400,33567,NA,NA,NA,NA,NA,5800,NA,NA,59400,NA,9050,NA,2600,17600,4900,12950,7900,26600,146800,2000,2550,29900,53360,19190,85900,7200,NA,100,2090,16100,17050,48100,81700,1320,NA,136350,10150,85300,NA,34600,327156.703,94000,86676.70300000001,NA,NA,NA,NA,6400,3000,NA,NA,6000,NA,54900,13000,28430,20000,45350,40550,14050,16800,22200,42760,NA,NA,3000,29000,1000,3000,NA,1000,12500,25040,106640,35020,45595,NA,1610,NA,NA,NA,NA,30250,NA,NA,34110,NA,14250,9000,11780,17300,20000,19850,9845,3300,NA,2000,NA,9050,NA,1800,18500,24290,3580,NA,NA,3850,NA,1500,NA,NA,NA,NA,NA,NA,14458,NA,NA,NA,NA,4000,NA,NA,NA,5880,3600,NA,40,5360,600,2000,NA,NA,NA,200,1100,630,600,36,2100,NA,1500,NA,500,NA,NA,750,17370,3680,900,NA,1910,NA,NA,NA,NA,11600,14400,3000,1500,42200,4500,3300,NA,3600,NA,NA,NA,NA,NA,15275,NA,5825,5063,44725,600,27312,NA,NA,2000,NA,NA,NA,7600,19892,NA,66050,19500,43450,NA,NA,NA,NA,NA,NA,800,NA,NA,NA,22850,7800,1800,18600,NA,30500,6800,NA,20250,49000,4000,NA,64000,21600,65750,124580,281850,263150,278337,359440,121450,87000,186610,271220,239180,622130,101300,438500,635400,8300,30000,205810,231570,240625,124675,367250,211985,13400,70560,190520,13500,37065,2400,126610,179850,58570,34395,15400,75060,108220,22000,51600,23780,171650,349880,625300,281350,200015,228850,281939,226500,512290,317860,166420,34700,6000,NA,NA,NA,24200,42600,15000,37520,116700,105600,600,65250,82900,500,7000,15830,NA,600,52725,20857,12000,59250
2011,300,75,10050,NA,627945,47100,593210,383730,22500,37350,76405,214720,59130,289770,39980,39490,7100,79600,5850,85050,21375,152700,37350,115940,110875,32650,274940,516975,38100,81500,43950,212625,33450,148900,369615,104150,102200,113000,47700,214660,208500,210530,122897,86850,4000,144810,3600,6900,40100,61880,599168,245160,569489,121430,101880,96225,116300,180487.799,67750,134135,110255,99550,34120,2000,NA,NA,17750,28000,NA,NA,2100,NA,8800,131080,2835,69200,31380,41010,NA,1500,NA,99380,125550,39380,65715,125270,17600,275,NA,3500,4600,52800,209830,86300,23397,267340,175700,6100,40180,20265,236680,112795,33614,295280,NA,11800,12500,21050,NA,6060,52725,26410,20800,33650,180500,35167,NA,NA,NA,NA,NA,11900,NA,NA,63400,NA,15125,NA,2600,23600,7900,25050,13900,29650,176700,2000,2550,29900,53360,19190,107950,7200,NA,100,11090,16100,19050,48100,91700,9320,NA,239220,10150,88500,NA,39200,366156.703,98600,90476.70300000001,NA,NA,NA,NA,6400,3000,NA,NA,9000,NA,79400,13000,31480,20000,45350,44550,18150,25800,31400,42760,NA,NA,3000,31700,1000,3000,NA,3000,12500,26640,106640,35020,45595,NA,1610,NA,NA,NA,NA,34350,NA,NA,34110,NA,14250,9000,11780,19600,22000,22150,9845,3300,NA,2000,NA,9050,NA,1800,18500,24290,3580,NA,NA,3850,NA,1500,NA,NA,NA,NA,NA,NA,15958,NA,NA,NA,NA,4000,NA,NA,NA,5880,3600,NA,40,5360,600,2000,NA,NA,NA,200,1100,630,600,36,2100,NA,1500,NA,500,NA,6900,750,32870,3680,6900,NA,1910,NA,NA,NA,NA,22175,14400,3000,1500,76200,4500,4100,NA,3600,NA,NA,NA,NA,NA,23275,NA,15025,5063,73575,600,32451,NA,NA,2000,NA,12000,NA,7600,19892,NA,68050,21500,54450,NA,NA,NA,NA,NA,NA,800,NA,NA,NA,24450,7800,1800,18600,NA,36500,8400,NA,20250,68800,4000,NA,64000,21600,65750,126630,304150,295550,291537,367440,121450,94500,186610,276420,241480,637230,101300,450500,684825,8300,30000,229190,233620,240625,131475,380700,234485,13400,70560,201420,13500,37065,2400,132810,188150,63170,36695,15400,77910,109820,22000,51600,23780,199250,359080,636800,295150,210015,234850,299439,238500,554690,317860,166420,34700,6000,NA,NA,NA,24200,44900,15000,37520,136700,105600,600,75250,92900,500,7000,15830,NA,600,56825,20857,12000,69500
2012,27900,75,14650,NA,805840,47100,642710,390630,22500,44250,89915,242220,59130,298870,39980,39490,7100,81900,5850,89150,25375,152700,39350,127440,122875,32650,293290,540375,45800,81500,43950,227105,35050,150500,415615,104150,102200,113000,47700,246260,243300,231230,122897,96050,4000,144810,3600,6900,42400,65250,610918,258160,588589,145130,110080,111475,127800,184487.799,70050,154835,110255,102950,40920,2000,NA,NA,17750,29600,NA,NA,2100,NA,8800,137280,2835,90650,32180,41010,NA,1500,NA,99380,156350,39380,65715,125270,17600,275,NA,3500,4600,57150,219630,86300,25697,269640,191800,6100,42480,20265,238980,112795,33614,344180,NA,11800,12500,21050,NA,6060,61925,26410,20800,33650,183600,35167,NA,NA,NA,NA,NA,11900,NA,NA,65400,NA,15125,NA,16300,23600,7900,37050,13900,45750,215800,2000,2550,29900,53360,19190,136650,7200,NA,100,13390,16100,26100,50100,95700,21870,NA,337605,10150,88500,NA,41500,384256.703,98600,102976.70300000001,NA,NA,NA,NA,6400,3000,NA,NA,27000,NA,152090,13000,50630,20000,45350,50650,18150,25800,50550,42760,NA,NA,3000,31700,3000,3000,NA,3000,12500,26640,108940,35020,45595,NA,1610,NA,NA,NA,NA,38950,NA,NA,34110,NA,16250,9000,11780,19600,22000,22150,9845,3300,NA,2000,NA,9050,NA,1800,18500,32290,3580,NA,NA,3850,NA,1500,NA,NA,NA,NA,NA,NA,29992,NA,NA,NA,NA,4000,NA,NA,NA,5880,3600,NA,40,5360,600,2000,NA,NA,NA,200,1100,630,600,36,5100,NA,1500,NA,500,NA,12275,750,64285,3680,9900,NA,1910,NA,NA,NA,NA,28325,20400,3000,1500,111475,4500,8700,NA,6600,NA,NA,NA,NA,NA,42664,12300,15025,5063,73575,600,40751,NA,NA,2000,NA,12000,NA,7600,24692,NA,72050,39000,80550,NA,NA,NA,NA,NA,NA,800,NA,NA,NA,25224,7800,1800,23200,NA,36500,11700,NA,20250,75400,4000,NA,64000,21600,65750,141420,343350,317650,301537,376640,136350,132925,198610,296020,247480,659480,101300,471700,728285,8300,30000,348190,245900,290925,154575,477950,245985,13400,70560,225370,13500,39065,2400,132810,188150,63170,36695,15400,81010,109820,22000,51600,23780,215350,395880,658800,321225,210015,234850,327439,256500,576190,330760,182420,34700,6000,NA,NA,NA,25700,44900,15000,45020,141775,105600,600,111075,110900,500,7000,46430,NA,5200,59325,20857,18150,74100
2013,27900,75,14650,NA,962265,47100,790540,409076,22500,44250,114705,286350,70630,306370,39980,41890,7100,86500,5850,105150,25375,152700,41400,127440,126875,41800,308540,563275,45800,81500,44750,234805,35050,151300,436015,104150,102200,115000,47700,252510,244900,232730,128147,102950,4000,144810,3600,6900,42400,75360,667518,329310,593239,165680,119590,127575,131800,184487.799,72350,160235,179095,104950,45920,2000,NA,NA,17750,29600,NA,NA,2100,NA,8800,145880,2835,92950,32980,41010,NA,1500,NA,99380,188195,39380,87265,143920,19900,275,NA,5800,4600,57150,226730,87900,25697,293290,205900,6100,42480,20265,243580,115645,36664,418280,NA,11800,12500,21050,NA,6060,63425,26410,20800,52100,187500,35167,NA,NA,NA,NA,NA,11900,NA,NA,102250,NA,30200,NA,16300,23600,7900,79200,13900,53600,250650,2000,2550,42700,68735,19190,156450,7200,NA,100,13390,16100,72070,69250,99300,21870,NA,487875,10950,91700,NA,41500,388556.703,100900,110626.70300000001,NA,NA,NA,NA,6400,3000,NA,NA,27000,NA,274215,13000,84395,20000,53150,50650,18150,28100,65100,51960,NA,NA,3000,31700,3000,3000,NA,3000,12500,26640,108940,37420,45595,NA,1610,NA,NA,NA,NA,54800,NA,NA,34110,NA,18550,9000,17880,19600,25000,22150,9845,3300,NA,2000,NA,9050,NA,1800,25700,32290,3580,NA,NA,3850,NA,1500,NA,NA,NA,NA,3118,NA,53542,NA,2300,NA,NA,4000,NA,NA,NA,5880,3600,NA,40,5360,600,2000,NA,NA,NA,200,1100,630,600,36,5100,NA,1500,NA,500,NA,43765,750,94230,8410,16000,NA,1910,NA,NA,NA,NA,28325,26400,3000,1500,141325,4500,8700,NA,6600,NA,NA,NA,NA,NA,45164,12300,15025,14213,79675,600,43801,NA,NA,2000,NA,12000,NA,7600,24692,16800,72050,60600,97150,NA,NA,NA,NA,NA,4700,17600,NA,NA,NA,25224,7800,1800,23200,NA,50725,11700,NA,20250,92725,4000,NA,64000,21600,71750,195695,349450,346725,301537,391840,140350,153150,198610,331370,247480,704630,104100,490100,737435,8300,30000,491030,368220,316275,177575,553975,284935,13400,70560,238610,21700,39065,2400,132810,188150,67170,36695,25400,81010,109820,22000,65710,23780,235325,398180,687900,357225,214315,234850,348139,264150,603790,379110,199420,35500,6000,NA,NA,NA,25700,56400,15000,45020,146850,105600,600,126450,146200,500,7000,51830,NA,5200,91125,20857,20200,81000
2014,34240,75,14650,NA,1214660,76875,1402510,428676,22500,44250,176815,533110,99030,374840,39980,46890,7100,86500,5850,119400,25375,152700,46250,139780,126875,47800,320015,587575,50450,90150,44750,253985,35050,151300,499965,104150,102200,115000,47700,265610,282650,244180,128147,102950,4000,162860,15800,6900,63900,77660,752818,390260,608239,208770,133340,127575,132600,205487.799,72350,172825,228075,113700,48970,2000,NA,NA,19350,29600,NA,NA,2100,NA,8800,161480,2835,132990,35280,41010,NA,1500,NA,100180,224045,43380,107865,143920,19900,275,NA,5800,4600,64350,232830,87900,40337,320540,208200,8400,42480,35515,252830,115645,45464,491030,NA,11800,12500,21050,NA,6060,68475,27210,20800,58250,192950,35167,NA,NA,NA,NA,NA,11900,NA,33600,125300,NA,33275,NA,21360,23600,7900,85300,18700,64650,298860,8150,2550,59200,83335,38290,171800,19200,NA,100,13390,16100,119240,116000,101600,21870,NA,574745,10950,110000,NA,41500,396206.703,102900,117526.70300000001,NA,9225,NA,NA,6400,3000,NA,NA,27000,NA,326490,19100,173180,20000,59250,67910,33330,28100,94560,58560,NA,NA,3000,31700,3000,3000,NA,7700,12500,29690,108940,37420,51095,NA,1610,NA,NA,NA,NA,54800,NA,NA,34110,NA,18550,9000,17880,22650,25000,22150,9845,3300,NA,2000,NA,9050,NA,1800,25700,32290,3730,NA,NA,3850,NA,1500,NA,NA,NA,NA,15118,NA,67292,NA,2300,3050,NA,4000,NA,NA,NA,5880,15800,NA,40,5360,600,2000,NA,NA,NA,200,4150,3680,600,36,5100,NA,1500,NA,500,NA,62590,750,125894,8410,16000,NA,9110,NA,NA,NA,NA,31295,44750,3000,1500,206525,4500,18700,7500,11600,4800,NA,NA,NA,NA,75749,14650,41140,17263,101525,600,54701,NA,NA,2000,NA,53735,NA,14650,24692,16800,84350,77510,116750,NA,NA,NA,NA,NA,4700,24800,NA,NA,NA,42624,7800,1800,23200,NA,78525,21500,NA,20250,95800,6300,NA,64000,21600,71750,216920,445225,449500,329137,409990,140350,196200,229620,360670,256480,775180,104100,497150,761595,10700,30000,559810,510010,328225,182175,575150,376435,13400,76685,242910,21700,42876.5,2400,132810,191200,85670,36695,25400,81010,109820,22000,65710,23780,274225,408430,690950,381325,223615,283850,368939,277150,608390,481735,211020,41100,6000,NA,NA,NA,28200,63300,19600,45020,184975,119400,600,149400,167925,500,7000,63330,NA,5200,96525,26257,31850,81000
2015,39710,75,14650,NA,1480240,85375,1638960,437726,22500,44250,291245,742200,108180,423810,39980,54890,7100,86500,5850,126450,25375,152700,48750,143150,126875,51100,320015,588375,93650,90150,44750,253985,35050,151300,584165,122250,102200,115000,70245,281310,317900,246480,130347,102950,4000,168860,15800,6900,67400,77660,791718,402310,616639,270520,144690,130625,134900,217487.799,72350,193525,232675,118300,55740,2000,NA,NA,20150,29600,NA,NA,2100,NA,8800,179350,2835,164520,35280,54335,NA,1500,NA,100180,248595,46430,157015,159620,19900,275,2400,13000,4600,64350,235230,87900,52737,364440,208200,8400,42480,35515,337580,121020,45464,538530,NA,11800,12500,21050,NA,6060,68475,27210,20800,58250,215950,37467,NA,NA,NA,NA,NA,16960,NA,33600,168825,NA,36575,NA,54250,23600,23080,109725,21100,99150,317510,8150,2550,59200,111335,40590,174800,19200,NA,100,13390,16100,124300,116000,103900,37120,NA,634785,10950,128350,NA,59800,400906.703,102900,117526.70300000001,NA,9225,NA,NA,6400,3000,NA,NA,27000,NA,355810,19100,203365,20000,59250,98460,33330,28100,100010,58560,NA,NA,3000,31700,3000,3000,NA,46700,15500,55840,153390,37420,60695,NA,1610,NA,NA,NA,NA,69720,NA,NA,34110,NA,20900,9000,17880,22650,36450,22150,9845,3300,NA,2000,NA,9050,NA,1800,25700,32290,3730,NA,NA,3850,NA,4500,NA,NA,NA,NA,15118,NA,93862,NA,5300,6100,NA,4000,NA,NA,NA,13080,18150,NA,12040,5360,600,2000,NA,NA,NA,200,4150,6980,600,36,5100,NA,1500,NA,500,NA,62590,750,146834,8410,20600,7200,21110,NA,NA,NA,NA,31295,64000,3000,1500,240575,4500,33100,7500,11600,4800,NA,NA,NA,NA,118149,26650,41140,17263,118250,15975,59501,NA,NA,2000,NA,73235,NA,38650,27742,16800,87425,105010,126844,NA,NA,NA,NA,7200,4700,24800,NA,NA,NA,42624,7800,1800,29200,NA,107250,51960,NA,20250,100600,11000,NA,64000,21600,71750,220090,491545,469200,329137,409990,154650,373150,229620,363970,305410,785780,104100,523440,844440,10700,30000,586460,580840,351975,218975,632800,396085,13400,76685,247210,21700,52776.5,2400,135110,191200,114620,36695,26200,81810,128720,22000,65710,23780,295125,440780,734650,388075,225915,293075,384639,279500,610690,605605,214095,41100,8350,NA,NA,NA,28200,63300,19600,79070,202575,125550,600,155775,167925,500,7000,63330,NA,5200,99025,26257,31850,84000
2016,39710,75,14650,NA,1669500,90075,1827990.4,468226,22500,44250,364445,784340,126830,514310,43030,59590,7100,86500,5850,126450,25375,152700,48750,155030,136475,63100,320015,691375,105650,90150,44750,271235,35050,151300,674065,126900,102200,115000,130095,288360,317900,300180,132547,102950,4000,168860,15800,6900,70700,77660,872918,405310,700289,290690,144690,177695,234500,316877.799,93950,211225,280875,121300,55740,2000,NA,NA,20150,29600,NA,NA,2100,NA,8800,200670,2835,183730,35280,59685,NA,10050,NA,130180,291945,49480,190315,163620,19900,275,2400,16120,4600,64350,235230,96900,85087,403440,208200,8400,67130,35515,499730,136370,47514,656750,NA,13800,12500,30250,NA,6060,68475,27210,20800,58250,218350,40467,NA,NA,NA,NA,NA,16960,NA,33600,181505,NA,36575,NA,54250,36800,23080,112725,52300,135100,379100,8150,27000,82300,147115,49590,189200,49200,NA,100,13390,16100,138480,128800,121390,42680,NA,652685,10950,135940,NA,92550,400906.703,136250,119826.70300000001,NA,9225,NA,NA,6400,3000,6600,NA,27000,NA,358810,21450,212445,20000,59250,101910,33330,37700,112310,77560,NA,NA,3000,84130,3000,3000,NA,46700,32000,107190,212357,77420,112895,NA,1610,NA,NA,NA,NA,75280,NA,NA,34110,NA,20900,9000,17880,22650,79910,28150,9845,3300,NA,14000,NA,9050,NA,1800,25700,32290,3730,NA,NA,3850,NA,4500,NA,NA,NA,NA,18118,2300,102202,NA,5300,6100,NA,16000,NA,NA,NA,13080,21150,NA,12040,5360,600,2000,NA,NA,NA,200,4150,6980,600,36,5100,NA,1500,NA,500,NA,66040,750,157934,10810,29750,19200,21110,NA,NA,NA,NA,44435,89500,16750,1500,240575,18400,42700,7500,30000,4800,NA,NA,NA,NA,136449,26650,54940,19663,137100,21535,59501,NA,NA,2000,NA,83135,13200,38650,27742,16800,87425,111810,126844,NA,NA,NA,NA,21600,16700,24800,7200,NA,NA,49224,7800,10140,29200,NA,113850,51960,5500,26400,125300,14370,NA,64000,21600,71750,225940,565475,526400,339037,421040,154650,385150,274470,368770,352080,822930,120050,636630,893560,10700,30000,623110,628270,378925,221325,660600,471585,13400,76685,250310,24100,52776.5,2400,139710,191200,132920,36695,26200,81810,128820,22000,65710,23780,357375,450680,734650,417925,239765,311875,384639,281850,643230,686375,236275,41900,8350,NA,NA,NA,36800,63300,25600,85420,205875,192950,600,162375,167925,500,7000,70230,NA,5200,103825,28607,35150,102825
2017,39710,75,14650,NA,1820740,97175,2063420.4,499326,22500,44250,370815,881450,149830,552420,43030,107440,7100,86500,5850,126450,25375,152700,51750,180880,136475,63100,339815,757175,122150,112350,50850,304985,35050,166300,736725,192300,102200,237540,136195,314610,329900,408280,132547,107650,4000,186660,15800,6900,93800,81030,1016868,470060,873039,306990,164590,201395,241400,362877.799,150710,324265,367825,121300,67140,2000,NA,NA,20150,29600,NA,NA,2100,2300,8800,308220,2835,193430,35280,90285,NA,15050,NA,193160,321015,62680,195115,209020,19900,275,3200,16120,4600,80650,420930,141600,93477,473625,233250,15300,81170,35515,522810,141770,47514,803100,NA,13800,15500,35050,NA,6060,70775,30210,20800,64850,218350,40467,NA,NA,NA,NA,15000,16960,NA,33600,205655,NA,36575,NA,54250,36800,43420,132855,63860,195860,424300,8150,27000,97760,159495,76590,213800,73200,NA,100,15690,19300,138480,140600,123790,42680,NA,693785,10950,144940,NA,123250,418286.703,188350,119826.70300000001,NA,9225,NA,NA,6400,3000,6600,NA,27000,NA,369910,27010,237795,48200,61550,101910,46530,37700,120010,84160,NA,NA,3000,89690,3000,23700,NA,58700,35600,251490,249607,77420,189265,NA,1610,2000,NA,NA,NA,81880,NA,NA,43110,NA,20900,9000,17880,22650,91910,32950,9845,19800,9900,26900,NA,9050,NA,1800,32900,34690,3730,NA,NA,12850,NA,4500,NA,NA,NA,NA,18118,2300,111802,NA,5300,6100,NA,16000,NA,NA,NA,13080,21150,NA,12040,5360,600,2000,NA,NA,NA,200,4150,9760,600,36,5100,NA,1500,NA,500,NA,66040,750,164762,10810,29750,19200,28760,6000,NA,NA,NA,78675,110800,26350,1500,245925,18400,78700,12500,66540,4800,NA,NA,NA,NA,148749,35650,54940,19663,146900,21535,112301,NA,NA,2000,NA,83135,47200,38650,27742,16800,94025,111810,131644,NA,NA,NA,NA,21600,16700,24800,7200,NA,NA,52524,7800,16140,29200,NA,141500,68460,11960,36000,172000,14370,NA,64000,21600,71750,235840,574925,562250,339037,460440,154650,408000,298620,409120,371280,899080,120050,726620,1064800,10700,30000,662560,661120,406875,223625,689050,530735,13400,76685,252610,24100,68626.5,2400,142010,197800,136220,39045,26200,88610,138420,22000,75450,23780,381975,465080,742480,460025,245865,316475,384639,286550,677730,792125,266635,41900,10650,NA,NA,NA,37600,63300,60670,85420,209175,212800,600,168975,208125,500,7000,70230,NA,5200,110995,49607,41950,106225
2018,39710,75,14650,NA,1841640,97175,2092870.4,542226,22500,44250,370815,895260,157490,580920,43030,118840,7100,86500,5850,126450,28375,152700,58800,189280,136475,63100,349715,768925,160100,112350,50850,304985,35050,166300,775425,204600,102200,243140,136195,332610,329900,414280,152547,119650,4000,195060,15800,6900,97000,81030,1044268,483010,1112789,331790,197590,228945,251750,418877.799,153010,402235,370125,134100,67140,2000,2300,NA,20150,34200,NA,NA,2100,4600,8800,331820,2835,193430,35280,111285,NA,15050,NA,221660,325815,78352,195115,212190,19900,275,3200,16120,4600,86850,459980,153600,99847,543875,242250,15300,83570,35515,555810,141770,47514,854850,NA,13800,15500,35050,NA,6060,70775,30210,25600,72050,218350,44667,NA,NA,NA,NA,48750,16960,NA,33600,245755,NA,43475,NA,63250,45800,43420,132855,69860,195860,458250,8150,57000,117790,187490,76590,213800,88450,NA,100,15690,19300,138480,144200,123790,42680,NA,708255,10950,151400,NA,189250,432536.703,188350,122126.70300000001,NA,9225,NA,NA,6400,3000,6600,NA,27000,NA,369910,27010,258795,61400,61550,111810,46530,37700,120010,110110,NA,NA,3000,92470,3000,23700,NA,58700,42800,264540,278557,91820,189265,NA,3110,2000,NA,NA,NA,98680,NA,NA,67110,NA,20900,9000,17880,22650,97910,32950,9845,19800,9900,26900,NA,9050,NA,1800,32900,34690,3730,NA,NA,12850,NA,4500,NA,NA,NA,NA,18118,2300,111802,NA,5300,6100,NA,16000,NA,NA,NA,13080,21150,NA,12040,5360,600,2000,NA,NA,NA,200,4150,9760,600,36,5100,7200,1500,NA,500,NA,66040,750,164762,10810,29750,19200,31810,6000,NA,NA,NA,78675,110800,26350,1500,245925,18400,78700,12500,66540,4800,NA,NA,NA,NA,158349,35650,54940,19663,146900,21535,112301,NA,NA,2000,NA,83135,47200,38650,27742,16800,94025,111810,131644,NA,NA,NA,NA,21600,16700,24800,7200,NA,NA,56154,7800,16140,29200,12000,150500,74460,35960,36000,181000,18570,NA,64000,21600,71750,297840,590525,595600,339037,475890,154650,411600,298620,412120,371280,922180,136050,737270,1175800,10700,30000,676360,709920,460575,225925,692500,534335,13400,76685,252610,34300,75526.5,2400,142010,201250,161420,39045,26200,98560,138420,22000,75450,23780,381975,465080,742480,466025,245865,316475,391839,291250,677730,798725,266635,41900,10650,NA,NA,NA,58300,84000,75670,85420,212625,212800,600,168975,214725,3950,7000,104730,NA,5200,110995,49607,41950,106225
2019,39710,75,14650,NA,1841640,97175,2110270.4,550226,22500,44250,370815,899110,157490,580920,53380,118840,7100,92900,5850,126450,28375,152700,58800,189280,136475,75100,362615,768925,160100,123150,50850,304985,35050,166300,782625,204600,102200,243140,136195,335660,329900,447480,163347,146050,4000,195060,15800,6900,97000,81030,1044268,499210,1119989,331790,197590,228945,254950,427277.799,153010,415835,370125,134100,67140,2000,2300,NA,20150,34200,NA,NA,2100,4600,8800,346970,2835,193430,35280,111285,NA,15050,NA,221660,357215,78352,195115,212190,19900,275,3200,16120,4600,91050,519180,153600,102897,543875,242250,15300,83570,35515,559260,141770,47514,863150,NA,13800,19000,35050,NA,6060,70775,30210,25600,72050,218350,44667,NA,NA,NA,NA,48750,16960,NA,33600,245755,NA,43475,NA,63250,45800,43420,132855,69860,195860,465150,8150,57000,117790,187490,76590,220700,88450,NA,100,15690,19300,138480,150150,123790,42680,NA,710555,10950,151400,NA,214450,454136.703,188350,129026.70300000001,NA,9225,NA,NA,10600,3000,6600,NA,27000,NA,374510,27010,278145,75200,71450,122160,46530,37700,120010,110110,NA,NA,3000,92470,3000,23700,NA,58700,42800,267840,278557,91820,192865,NA,3110,2000,NA,NA,NA,98680,NA,NA,67110,NA,20900,9000,17880,22650,97910,32950,9845,19800,9900,26900,NA,9050,NA,1800,32900,34690,3730,NA,NA,23650,NA,4500,NA,NA,NA,NA,20518,2300,111802,NA,5300,6100,NA,16000,NA,NA,NA,13080,21150,NA,12040,5360,600,2000,NA,NA,NA,200,4150,14460,600,36,5100,7200,1500,NA,500,NA,66040,750,164762,10810,29750,30000,31810,6000,NA,NA,NA,78675,110800,26350,1500,245925,18400,78700,12500,66540,4800,NA,NA,NA,NA,158349,35650,54940,19663,146900,21535,112301,NA,NA,2000,NA,83135,47200,38650,27742,16800,94025,111810,131644,NA,NA,NA,NA,21600,16700,24800,7200,NA,NA,56154,7800,16140,29200,12000,152500,74460,35960,36000,187900,18570,NA,64000,21600,71750,301440,592575,618550,339037,483540,159250,459400,313020,415570,371280,937680,146850,769110,1216570,10700,30000,682460,728770,467325,244725,692500,587135,13400,79685,252610,34300,82426.5,2400,142010,201250,168320,39045,26200,98560,138420,22000,75450,23780,390375,486680,742480,466025,245865,316475,391839,291250,681030,798725,284785,41900,10650,NA,NA,NA,62500,84000,80170,89620,216825,217000,600,168975,214725,17900,7000,104730,NA,5200,110995,49607,45400,120625
2020,39710,75,14650,NA,1852439,97175,2195170.4,554926,22500,44250,370815,903310,161690,597320,53380,118840,7100,128700,5850,126450,28375,152700,58800,189280,136475,75100,378515,768925,160100,127950,50850,320785,35050,166300,782625,204600,102200,243140,136195,336460,329900,466130,171747,161700,4000,195060,15800,6900,99300,81030,1044268,499210,1141019,331790,200590,228945,271550,441797.799,153010,422435,370125,134100,67140,2000,2300,NA,20150,34200,NA,NA,2100,4600,8800,346970,2835,193430,55280,111285,NA,15050,NA,228260,366815,78352,199815,233490,19900,275,3200,16120,4600,91050,539630,171600,114197,552875,267150,15300,87170,35515,598560,152220,47514,967900,NA,13800,19000,35050,NA,6060,77375,30210,25600,72050,218350,44667,NA,NA,NA,NA,48750,25360,NA,50280,262435,NA,43475,NA,63250,45800,43420,132855,99810,195860,465150,8150,57000,117790,197840,76590,220700,88450,NA,100,15690,19300,138480,150150,140290,42680,NA,710555,10950,151400,NA,218650,454136.703,188350,145126.703,NA,9225,NA,NA,10600,3000,6600,NA,27000,NA,378710,27010,281145,75200,74750,152360,46530,40100,120010,118510,NA,NA,3000,108970,3000,23700,NA,58700,42800,273940,285457,91820,192865,NA,3110,2000,NA,NA,NA,98680,NA,NA,69110,NA,20900,9000,17880,27350,100960,32950,9845,19800,9900,26900,NA,9050,NA,1800,32900,34690,3730,NA,NA,23650,NA,4500,NA,NA,NA,NA,20518,2300,111802,NA,5300,6100,NA,16000,NA,NA,NA,13080,21150,NA,12040,5360,600,2000,NA,NA,NA,200,4950,14460,600,36,5100,7200,1500,NA,500,NA,66040,750,164762,10810,29750,30000,31810,6000,NA,NA,NA,78675,110800,26350,1500,245925,18400,78700,12500,66540,4800,NA,NA,NA,NA,158349,35650,54940,23863,146900,21535,112301,NA,NA,2000,NA,109835,47200,38650,27742,16800,94025,111810,131644,NA,NA,NA,NA,21600,16700,24800,7200,NA,NA,56154,7800,16140,29200,18000,162400,74460,44960,36000,187900,18570,NA,64000,21600,71750,325540,622625,629750,339037,505140,159250,482800,313020,415570,376980,981280,146850,771410,1296880,10700,30000,685910,748820,480375,251725,695950,640535,13400,79685,254910,34300,85876.5,2400,142010,203600,168320,39045,26200,98560,138420,22000,75450,23780,411975,486680,742480,499024,245865,316475,398739,291250,729630,828325,284785,41900,10650,NA,NA,NA,66700,84000,83670,89620,221025,217000,600,197825,223125,17900,7000,113630,NA,5200,113345,49607,45400,120625
2021,39710,75,14650,NA,1883389,97175,2257270.4,557916,22500,44250,387615,952610,165890,635820,53380,118840,7100,128700,5850,147900,28375,152700,58800,189280,136475,75100,407315,806025,160100,127950,50850,376785,35050,166300,794825,204600,102200,243140,136195,336460,361700,471730,216877,161700,16200,195060,15800,6900,99300,81030,1051168,499210,1208219,331790,200590,228945,271550,461797.799,153010,422435,370125,134100,67140,2000,2300,NA,20150,34200,NA,NA,2100,4600,8800,354970,2835,220430,55280,111285,NA,15050,NA,228260,377615,78352,223815,237990,19900,275,3200,16120,4600,100740,553830,250430,123197,552875,267150,15300,87170,35515,603060,152220,47514,984700,NA,13800,19000,35050,NA,6060,92675,30210,25600,75350,218350,44667,NA,NA,NA,NA,48750,25360,NA,50280,262435,NA,43475,NA,63250,45800,43420,135635,99810,195860,465150,8150,57000,134590,197840,76590,224700,101050,NA,100,15690,19300,138480,150150,140290,58280,NA,710555,10950,159100,NA,218650,454136.703,188350,156126.703,NA,9225,NA,NA,10600,3000,6600,NA,27000,NA,378710,27010,288345,75200,74750,168260,46530,40100,120010,118510,NA,NA,3000,108970,3000,23700,NA,58700,42800,276940,285457,141520,192865,NA,3110,2000,NA,NA,NA,105680,NA,NA,69110,NA,20900,9000,17880,31550,126160,41350,9845,19800,9900,26900,NA,9050,NA,1800,32900,34690,3730,NA,NA,23650,NA,8000,NA,NA,NA,NA,20518,2300,111802,NA,5300,6100,NA,16000,NA,NA,NA,13080,21150,NA,12040,5360,600,2000,NA,NA,NA,200,4950,14460,600,36,5100,7200,1500,NA,500,NA,66040,750,164762,10810,29750,30000,31810,6000,NA,NA,NA,78675,110800,26350,1500,245925,27400,81700,12500,66540,8430,NA,NA,NA,NA,158349,35650,54940,28063,150500,21535,112301,NA,NA,2000,NA,109835,47200,38650,27742,16800,94025,111810,131644,NA,NA,NA,NA,21600,16700,24800,7200,NA,NA,56154,7800,16140,29200,18000,162400,74460,51560,36000,187900,22770,NA,64000,21600,71750,342790,622625,629750,339037,522740,159250,493300,438970,433570,376980,1013880,146850,777310,1401970,10700,30000,693110,757820,480375,257425,709750,674935,13400,80485,254910,34300,85876.5,2400,142010,203600,168320,39045,26200,98560,138420,22000,75450,23780,411975,497880,742480,506224,249465,316475,441939,291250,729630,828325,284785,47400,10650,NA,NA,NA,66700,84000,83670,89620,237825,217000,600,208825,223125,17900,7000,117830,NA,5200,113345,57307,49600,120625
